This is pdfTeX, Version 3.141592653-2.6-1.40.28 (TeX Live 2025) (preloaded format=pdflatex 2025.8.30)  8 OCT 2025 16:49
entering extended mode
 restricted \write18 enabled.
 file:line:error style messages enabled.
 %&-line parsing enabled.
**/Users/danisanchez/Documents/portafolio/tfgieee-template/tfg_ieee/tfg.tex
(/Users/danisanchez/Documents/portafolio/tfgieee-template/tfg_ieee/tfg.tex
LaTeX2e <2025-06-01> patch level 1
L3 programming layer <2025-08-13>
(/Users/danisanchez/Library/TinyTeX/texmf-dist/tex/latex/base/book.cls
Document Class: book 2025/01/22 v1.4n Standard LaTeX document class
(/Users/danisanchez/Library/TinyTeX/texmf-dist/tex/latex/base/bk12.clo
File: bk12.clo 2025/01/22 v1.4n Standard LaTeX file (size option)
)
\c@part=\count275
\c@chapter=\count276
\c@section=\count277
\c@subsection=\count278
\c@subsubsection=\count279
\c@paragraph=\count280
\c@subparagraph=\count281
\c@figure=\count282
\c@table=\count283
\abovecaptionskip=\skip49
\belowcaptionskip=\skip50
\bibindent=\dimen148
) (/Users/danisanchez/Library/TinyTeX/texmf-dist/tex/latex/base/inputenc.sty
Package: inputenc 2024/02/08 v1.3d Input encoding file
\inpenc@prehook=\toks17
\inpenc@posthook=\toks18
) (/Users/danisanchez/Library/TinyTeX/texmf-dist/tex/latex/xcolor/xcolor.sty
Package: xcolor 2024/09/29 v3.02 LaTeX color extensions (UK)
 (/Users/danisanchez/Library/TinyTeX/texmf-dist/tex/latex/graphics-cfg/color.cfg
File: color.cfg 2016/01/02 v1.6 sample color configuration
)
Package xcolor Info: Driver file: pdftex.def on input line 274.
 (/Users/danisanchez/Library/TinyTeX/texmf-dist/tex/latex/graphics-def/pdftex.def
File: pdftex.def 2024/04/13 v1.2c Graphics/color driver for pdftex
) (/Users/danisanchez/Library/TinyTeX/texmf-dist/tex/latex/graphics/mathcolor.ltx)
Package xcolor Info: Model `cmy' substituted by `cmy0' on input line 1349.
Package xcolor Info: Model `hsb' substituted by `rgb' on input line 1353.
Package xcolor Info: Model `RGB' extended on input line 1365.
Package xcolor Info: Model `HTML' substituted by `rgb' on input line 1367.
Package xcolor Info: Model `Hsb' substituted by `hsb' on input line 1368.
Package xcolor Info: Model `tHsb' substituted by `hsb' on input line 1369.
Package xcolor Info: Model `HSB' substituted by `hsb' on input line 1370.
Package xcolor Info: Model `Gray' substituted by `gray' on input line 1371.
Package xcolor Info: Model `wave' substituted by `hsb' on input line 1372.
) (/Users/danisanchez/Library/TinyTeX/texmf-dist/tex/latex/colortbl/colortbl.sty
Package: colortbl 2024/10/29 v1.0k Color table columns (DPC)
 (/Users/danisanchez/Library/TinyTeX/texmf-dist/tex/latex/tools/array.sty
Package: array 2025/06/08 v2.6j Tabular extension package (FMi)
\col@sep=\dimen149
\ar@mcellbox=\box53
\extrarowheight=\dimen150
\NC@list=\toks19
\extratabsurround=\skip51
\backup@length=\skip52
\ar@cellbox=\box54
)
\everycr=\toks20
\minrowclearance=\skip53
\rownum=\count284
) (/Users/danisanchez/Library/TinyTeX/texmf-dist/tex/latex/tools/tabularx.sty
Package: tabularx 2023/12/11 v2.12a `tabularx' package (DPC)
\TX@col@width=\dimen151
\TX@old@table=\dimen152
\TX@old@col=\dimen153
\TX@target=\dimen154
\TX@delta=\dimen155
\TX@cols=\count285
\TX@ftn=\toks21
) (/Users/danisanchez/Library/TinyTeX/texmf-dist/tex/latex/graphics/graphicx.sty
Package: graphicx 2024/12/31 v1.2e Enhanced LaTeX Graphics (DPC,SPQR)
 (/Users/danisanchez/Library/TinyTeX/texmf-dist/tex/latex/graphics/keyval.sty
Package: keyval 2022/05/29 v1.15 key=value parser (DPC)
\KV@toks@=\toks22
) (/Users/danisanchez/Library/TinyTeX/texmf-dist/tex/latex/graphics/graphics.sty
Package: graphics 2024/08/06 v1.4g Standard LaTeX Graphics (DPC,SPQR)
 (/Users/danisanchez/Library/TinyTeX/texmf-dist/tex/latex/graphics/trig.sty
Package: trig 2023/12/02 v1.11 sin cos tan (DPC)
) (/Users/danisanchez/Library/TinyTeX/texmf-dist/tex/latex/graphics-cfg/graphics.cfg
File: graphics.cfg 2016/06/04 v1.11 sample graphics configuration
)
Package graphics Info: Driver file: pdftex.def on input line 106.
)
\Gin@req@height=\dimen156
\Gin@req@width=\dimen157
) (/Users/danisanchez/Library/TinyTeX/texmf-dist/tex/latex/amsmath/amsmath.sty
Package: amsmath 2025/06/16 v2.17y AMS math features
\@mathmargin=\skip54

For additional information on amsmath, use the `?' option.
(/Users/danisanchez/Library/TinyTeX/texmf-dist/tex/latex/amsmath/amstext.sty
Package: amstext 2024/11/17 v2.01 AMS text
 (/Users/danisanchez/Library/TinyTeX/texmf-dist/tex/latex/amsmath/amsgen.sty
File: amsgen.sty 1999/11/30 v2.0 generic functions
\@emptytoks=\toks23
\ex@=\dimen158
)) (/Users/danisanchez/Library/TinyTeX/texmf-dist/tex/latex/amsmath/amsbsy.sty
Package: amsbsy 1999/11/29 v1.2d Bold Symbols
\pmbraise@=\dimen159
) (/Users/danisanchez/Library/TinyTeX/texmf-dist/tex/latex/amsmath/amsopn.sty
Package: amsopn 2022/04/08 v2.04 operator names
)
\inf@bad=\count286
LaTeX Info: Redefining \frac on input line 233.
\uproot@=\count287
\leftroot@=\count288
LaTeX Info: Redefining \overline on input line 398.
LaTeX Info: Redefining \colon on input line 409.
\classnum@=\count289
\DOTSCASE@=\count290
LaTeX Info: Redefining \ldots on input line 495.
LaTeX Info: Redefining \dots on input line 498.
LaTeX Info: Redefining \cdots on input line 619.
\Mathstrutbox@=\box55
\strutbox@=\box56
LaTeX Info: Redefining \big on input line 721.
LaTeX Info: Redefining \Big on input line 722.
LaTeX Info: Redefining \bigg on input line 723.
LaTeX Info: Redefining \Bigg on input line 724.
\big@size=\dimen160
LaTeX Font Info:    Redeclaring font encoding OML on input line 742.
LaTeX Font Info:    Redeclaring font encoding OMS on input line 743.
\macc@depth=\count291
LaTeX Info: Redefining \bmod on input line 904.
LaTeX Info: Redefining \pmod on input line 909.
LaTeX Info: Redefining \smash on input line 939.
LaTeX Info: Redefining \relbar on input line 969.
LaTeX Info: Redefining \Relbar on input line 970.
\c@MaxMatrixCols=\count292
\dotsspace@=\muskip17
\c@parentequation=\count293
\dspbrk@lvl=\count294
\tag@help=\toks24
\row@=\count295
\column@=\count296
\maxfields@=\count297
\andhelp@=\toks25
\eqnshift@=\dimen161
\alignsep@=\dimen162
\tagshift@=\dimen163
\tagwidth@=\dimen164
\totwidth@=\dimen165
\lineht@=\dimen166
\@envbody=\toks26
\multlinegap=\skip55
\multlinetaggap=\skip56
\mathdisplay@stack=\toks27
LaTeX Info: Redefining \[ on input line 2949.
LaTeX Info: Redefining \] on input line 2950.
) (/Users/danisanchez/Library/TinyTeX/texmf-dist/tex/latex/amsfonts/amsfonts.sty
Package: amsfonts 2013/01/14 v3.01 Basic AMSFonts support
\symAMSa=\mathgroup4
\symAMSb=\mathgroup5
LaTeX Font Info:    Redeclaring math symbol \hbar on input line 98.
LaTeX Font Info:    Overwriting math alphabet `\mathfrak' in version `bold'
(Font)                  U/euf/m/n --> U/euf/b/n on input line 106.
) (/Users/danisanchez/Library/TinyTeX/texmf-dist/tex/latex/amsfonts/amssymb.sty
Package: amssymb 2013/01/14 v3.01 AMS font symbols
) (/Users/danisanchez/Library/TinyTeX/texmf-dist/tex/generic/babel/babel.sty
Package: babel 2025/08/03 v25.12 The multilingual framework for LuaLaTeX, pdfLaTeX and XeLaTeX
\babel@savecnt=\count298
LaTeX Encoding Info:    Redeclaring text command \ij (encoding OT1) on input line 2045.
LaTeX Encoding Info:    Redeclaring text command \IJ (encoding OT1) on input line 2047.
LaTeX Encoding Info:    Redeclaring text command \ij (encoding T1) on input line 2049.
LaTeX Encoding Info:    Redeclaring text command \IJ (encoding T1) on input line 2050.
LaTeX Encoding Info:    Ignoring declaration for text command \ij (encoding ?) on input line 2051.
LaTeX Encoding Info:    Ignoring declaration for text command \IJ (encoding ?) on input line 2053.
LaTeX Encoding Info:    Ignoring declaration for text command \SS (encoding ?) on input line 2078.
\U@D=\dimen167
\l@unhyphenated=\language3
 (/Users/danisanchez/Library/TinyTeX/texmf-dist/tex/generic/babel/txtbabel.def)
\bbl@readstream=\read2
\bbl@dirlevel=\count299
 (/Users/danisanchez/Library/TinyTeX/texmf-dist/tex/generic/babel-spanish/spanish.ldf
Language: spanish.ldf 2021/05/27 v5.0q Spanish support from the babel system
 (/Users/danisanchez/Library/TinyTeX/texmf-dist/tex/generic/babel/locale/es/babel-spanish.tex
Package babel Info: Importing font and identification data for spanish
(babel)             from babel-es.ini. Reported on input line 12.
)

Package babel Warning: No hyphenation patterns were preloaded for
(babel)                the language 'Spanish' into the format.
(babel)                Please, configure your TeX system to add them and
(babel)                rebuild the format. Now I will use the patterns
(babel)                preloaded for \language=0 instead on input line 51.

Package babel Info: Hyphen rules for 'spanish' set to \l@english
(babel)             (\language0). Reported on input line 52.
\es@quottoks=\toks28
\es@quotdepth=\count300
Package babel Info: Making " an active character on input line 570.
Package babel Info: Making . an active character on input line 675.
Package babel Info: Making < an active character on input line 722.
Package babel Info: Making > an active character on input line 722.
))
LaTeX Encoding Info:    Redeclaring text command \guillemotleft (encoding OT1) on input line 13.
LaTeX Encoding Info:    Redeclaring text command \guillemotright (encoding OT1) on input line 13.
 (/Users/danisanchez/Library/TinyTeX/texmf-dist/tex/latex/realboxes/realboxes.sty
Package: realboxes 2011/08/08 v0.2 Change box commands to read there content as real boxes
 (/Users/danisanchez/Library/TinyTeX/texmf-dist/tex/latex/collectbox/collectbox.sty
Package: collectbox 2022/10/17 v0.4c Collect macro arguments as boxes
\collectedbox=\box57
) (/Users/danisanchez/Library/TinyTeX/texmf-dist/tex/latex/tools/calc.sty
Package: calc 2025/03/01 v4.3b Infix arithmetic (KKT,FJ)
\calc@Acount=\count301
\calc@Bcount=\count302
\calc@Adimen=\dimen168
\calc@Bdimen=\dimen169
\calc@Askip=\skip57
\calc@Bskip=\skip58
LaTeX Info: Redefining \setlength on input line 86.
LaTeX Info: Redefining \addtolength on input line 87.
\calc@Ccount=\count303
\calc@Cskip=\skip59
)) (/Users/danisanchez/Library/TinyTeX/texmf-dist/tex/latex/wrapfig/wrapfig.sty
\wrapoverhang=\dimen170
\WF@size=\dimen171
\c@WF@wrappedlines=\count304
\WF@box=\box58
\WF@everypar=\toks29
Package: wrapfig 2003/01/31  v 3.6
) (/Users/danisanchez/Library/TinyTeX/texmf-dist/tex/latex/fancyhdr/fancyhdr.sty
Package: fancyhdr 2025/02/07 v5.2 Extensive control of page headers and footers
\f@nch@headwidth=\skip60
\f@nch@offset@elh=\skip61
\f@nch@offset@erh=\skip62
\f@nch@offset@olh=\skip63
\f@nch@offset@orh=\skip64
\f@nch@offset@elf=\skip65
\f@nch@offset@erf=\skip66
\f@nch@offset@olf=\skip67
\f@nch@offset@orf=\skip68
\f@nch@height=\skip69
\f@nch@footalignment=\skip70
\f@nch@widthL=\skip71
\f@nch@widthC=\skip72
\f@nch@widthR=\skip73
\@temptokenb=\toks30
) (/Users/danisanchez/Library/TinyTeX/texmf-dist/tex/latex/hyperref/hyperref.sty
Package: hyperref 2025-07-12 v7.01o Hypertext links for LaTeX
 (/Users/danisanchez/Library/TinyTeX/texmf-dist/tex/generic/iftex/iftex.sty
Package: iftex 2024/12/12 v1.0g TeX engine tests
) (/Users/danisanchez/Library/TinyTeX/texmf-dist/tex/latex/kvsetkeys/kvsetkeys.sty
Package: kvsetkeys 2022-10-05 v1.19 Key value parser (HO)
) (/Users/danisanchez/Library/TinyTeX/texmf-dist/tex/generic/kvdefinekeys/kvdefinekeys.sty
Package: kvdefinekeys 2019-12-19 v1.6 Define keys (HO)
) (/Users/danisanchez/Library/TinyTeX/texmf-dist/tex/generic/pdfescape/pdfescape.sty
Package: pdfescape 2019/12/09 v1.15 Implements pdfTeX's escape features (HO)
 (/Users/danisanchez/Library/TinyTeX/texmf-dist/tex/generic/ltxcmds/ltxcmds.sty
Package: ltxcmds 2023-12-04 v1.26 LaTeX kernel commands for general use (HO)
) (/Users/danisanchez/Library/TinyTeX/texmf-dist/tex/generic/pdftexcmds/pdftexcmds.sty
Package: pdftexcmds 2020-06-27 v0.33 Utility functions of pdfTeX for LuaTeX (HO)
 (/Users/danisanchez/Library/TinyTeX/texmf-dist/tex/generic/infwarerr/infwarerr.sty
Package: infwarerr 2019/12/03 v1.5 Providing info/warning/error messages (HO)
)
Package pdftexcmds Info: \pdf@primitive is available.
Package pdftexcmds Info: \pdf@ifprimitive is available.
Package pdftexcmds Info: \pdfdraftmode found.
)) (/Users/danisanchez/Library/TinyTeX/texmf-dist/tex/latex/hycolor/hycolor.sty
Package: hycolor 2020-01-27 v1.10 Color options for hyperref/bookmark (HO)
) (/Users/danisanchez/Library/TinyTeX/texmf-dist/tex/latex/hyperref/nameref.sty
Package: nameref 2025-06-21 v2.57 Cross-referencing by name of section
 (/Users/danisanchez/Library/TinyTeX/texmf-dist/tex/latex/refcount/refcount.sty
Package: refcount 2019/12/15 v3.6 Data extraction from label references (HO)
) (/Users/danisanchez/Library/TinyTeX/texmf-dist/tex/generic/gettitlestring/gettitlestring.sty
Package: gettitlestring 2019/12/15 v1.6 Cleanup title references (HO)
 (/Users/danisanchez/Library/TinyTeX/texmf-dist/tex/latex/kvoptions/kvoptions.sty
Package: kvoptions 2022-06-15 v3.15 Key value format for package options (HO)
))
\c@section@level=\count305
) (/Users/danisanchez/Library/TinyTeX/texmf-dist/tex/latex/etoolbox/etoolbox.sty
Package: etoolbox 2025/02/11 v2.5l e-TeX tools for LaTeX (JAW)
\etb@tempcnta=\count306
) (/Users/danisanchez/Library/TinyTeX/texmf-dist/tex/generic/stringenc/stringenc.sty
Package: stringenc 2019/11/29 v1.12 Convert strings between diff. encodings (HO)
)
\@linkdim=\dimen172
\Hy@linkcounter=\count307
\Hy@pagecounter=\count308
 (/Users/danisanchez/Library/TinyTeX/texmf-dist/tex/latex/hyperref/pd1enc.def
File: pd1enc.def 2025-07-12 v7.01o Hyperref: PDFDocEncoding definition (HO)
Now handling font encoding PD1 ...
... no UTF-8 mapping file for font encoding PD1
) (/Users/danisanchez/Library/TinyTeX/texmf-dist/tex/generic/intcalc/intcalc.sty
Package: intcalc 2019/12/15 v1.3 Expandable calculations with integers (HO)
)
\Hy@SavedSpaceFactor=\count309
 (/Users/danisanchez/Library/TinyTeX/texmf-dist/tex/latex/hyperref/puenc.def
File: puenc.def 2025-07-12 v7.01o Hyperref: PDF Unicode definition (HO)
Now handling font encoding PU ...
... no UTF-8 mapping file for font encoding PU
)
Package hyperref Info: Hyper figures OFF on input line 4195.
Package hyperref Info: Link nesting OFF on input line 4200.
Package hyperref Info: Hyper index ON on input line 4203.
Package hyperref Info: Plain pages OFF on input line 4210.
Package hyperref Info: Backreferencing OFF on input line 4215.
Package hyperref Info: Implicit mode ON; LaTeX internals redefined.
Package hyperref Info: Bookmarks ON on input line 4462.
\c@Hy@tempcnt=\count310
 (/Users/danisanchez/Library/TinyTeX/texmf-dist/tex/latex/url/url.sty
\Urlmuskip=\muskip18
Package: url 2013/09/16  ver 3.4  Verb mode for urls, etc.
)
LaTeX Info: Redefining \url on input line 4801.
\XeTeXLinkMargin=\dimen173
 (/Users/danisanchez/Library/TinyTeX/texmf-dist/tex/generic/bitset/bitset.sty
Package: bitset 2019/12/09 v1.3 Handle bit-vector datatype (HO)
 (/Users/danisanchez/Library/TinyTeX/texmf-dist/tex/generic/bigintcalc/bigintcalc.sty
Package: bigintcalc 2019/12/15 v1.5 Expandable calculations on big integers (HO)
))
\Fld@menulength=\count311
\Field@Width=\dimen174
\Fld@charsize=\dimen175
Package hyperref Info: Hyper figures OFF on input line 6078.
Package hyperref Info: Link nesting OFF on input line 6083.
Package hyperref Info: Hyper index ON on input line 6086.
Package hyperref Info: backreferencing OFF on input line 6093.
Package hyperref Info: Link coloring OFF on input line 6098.
Package hyperref Info: Link coloring with OCG OFF on input line 6103.
Package hyperref Info: PDF/A mode OFF on input line 6108.
\Hy@abspage=\count312
\c@Item=\count313
\c@Hfootnote=\count314
)
Package hyperref Info: Driver (autodetected): hpdftex.
 (/Users/danisanchez/Library/TinyTeX/texmf-dist/tex/latex/hyperref/hpdftex.def
File: hpdftex.def 2025-07-12 v7.01o Hyperref driver for pdfTeX
\Fld@listcount=\count315
\c@bookmark@seq@number=\count316
 (/Users/danisanchez/Library/TinyTeX/texmf-dist/tex/latex/rerunfilecheck/rerunfilecheck.sty
Package: rerunfilecheck 2025-06-21 v1.11 Rerun checks for auxiliary files (HO)
 (/Users/danisanchez/Library/TinyTeX/texmf-dist/tex/generic/uniquecounter/uniquecounter.sty
Package: uniquecounter 2019/12/15 v1.4 Provide unlimited unique counter (HO)
)
Package uniquecounter Info: New unique counter `rerunfilecheck' on input line 284.
)
\Hy@SectionHShift=\skip74
) (/Users/danisanchez/Library/TinyTeX/texmf-dist/tex/latex/datatool/datatool.sty
Package: datatool 2025/04/25 v3.4.1 (NLCT)
 (/Users/danisanchez/Library/TinyTeX/texmf-dist/tex/latex/base/ifthen.sty
Package: ifthen 2024/03/16 v1.1e Standard LaTeX ifthen package (DPC)
) (/Users/danisanchez/Library/TinyTeX/texmf-dist/tex/latex/xfor/xfor.sty
Package: xfor 2009/02/05 v1.05 (NLCT)
) (/Users/danisanchez/Library/TinyTeX/texmf-dist/tex/latex/tracklang/tracklang.sty
Package: tracklang 2025/03/11 v1.6.6 (NLCT) Track Languages
 (/Users/danisanchez/Library/TinyTeX/texmf-dist/tex/generic/tracklang/tracklang.tex)
Package tracklang Info: Tracking dialect `spanish' (language `spanish') on input line 264.
Package tracklang Info: Tracking dialect `spanish' (language `spanish') on input line 264.
) (/Users/danisanchez/Library/TinyTeX/texmf-dist/tex/latex/datatool/datatool-base.sty
Package: datatool-base 2025/04/25 v3.4.1 (NLCT)
 (/Users/danisanchez/Library/TinyTeX/texmf-dist/tex/latex/datatool/datatool-l3fp.def
File: datatool-l3fp.def 2025/04/25 v3.4.1 (NLCT)
)
\@dtl@toks=\toks31
\@dtl@tmpcount=\count317
\dtl@tmplength=\skip75
\l__datatool_measure_box=\box59
\dtl@sortresult=\count318
 (/Users/danisanchez/Library/TinyTeX/texmf-dist/tex/latex/datatool/datatool-utf8.ldf
File: datatool-utf8.ldf 2025/04/25 v3.4.1 (NLCT)
)
\@dtl@datatype=\count319
\l__datatool_tmpa_int=\count320
\l__datatool_tmpb_int=\count321
\l__datatool_tmpc_int=\count322
\l__datatool_tmpd_int=\count323
\l__datatool_count_int=\count324
\l__datatool_tmp_datatype_int=\count325
\l__datatool_tmpa_dim=\dimen176
\l__datatool_tmpb_dim=\dimen177
\c_datatool_unknown_int=\count326
\l__datatool_year_int=\count327
\l__datatool_month_int=\count328
\l__datatool_day_int=\count329
\l__datatool_hour_int=\count330
\l__datatool_minute_int=\count331
\l__datatool_second_int=\count332
\l__datatool_tzhour_int=\count333
\l__datatool_tzminute_int=\count334
\l__datatool_julian_int=\count335
\l__datatool_local_julian_int=\count336
\l__datatool_prefix_int=\count337
\l__datatool_suffix_int=\count338
\@dtl@foreach@level=\count339


Package tracklang Warning: No `datatool' support for dialect `spanish'  on input line 9908.

\dtl@codeA=\count340
\dtl@codeB=\count341
)
\l__datatool_max_cols_int=\count342
\l__datatool_col_idx_int=\count343
\l__datatool_row_idx_int=\count344
\l__datatool_item_type_int=\count345
\l__datatool_action_column_int=\count346
\l__datatool_action_column_ii_int=\count347
\l__datatool_action_row_int=\count348
\l__datatool_action_row_ii_int=\count349
\l__datatool_action_type_int=\count350
\l__datatool_action_datum_round_int=\count351
\dtlcolumnnum=\count352
\dtlrownum=\count353
\@dtl@before=\toks32
\@dtl@after=\toks33
\@dtl@colhead=\toks34
\dtlcurrentrow=\toks35
\dtlbeforerow=\toks36
\dtlafterrow=\toks37
\l__datatool_map_data_max_cols_int=\count354
\l__datatool_map_data_edit_column_int=\count355
\dtlforeachlevel=\count356
\c@DTLrow=\count357
\c@DTLrowi=\count358
\c@DTLrowii=\count359
\c@DTLrowiii=\count360
\dtl@rowi=\count361
\dtl@rowii=\count362
\dtl@rowiii=\count363
\g__filtered_row_i_int=\count364
\g__filtered_row_ii_int=\count365
\g__filtered_row_iii_int=\count366
\@dtl@curi=\toks38
\@dtl@previ=\toks39
\@dtl@nexti=\toks40
\@dtl@curii=\toks41
\@dtl@previi=\toks42
\@dtl@nextii=\toks43
\@dtl@curiii=\toks44
\@dtl@previii=\toks45
\@dtl@nextiii=\toks46
\l_datatool_display_per_row_int=\count367
\l_datatool_display_tab_rows_int=\count368
\@dtl@toksA=\toks47
\@dtl@toksB=\toks48
\@dtl@elements=\count369
\__datatool_sort_data_sortcol_int=\count370
\__datatool_sort_data_grpcol_int=\count371
\dtl@omitlines=\count372
\l__datatool_line_int=\count373
) (/Users/danisanchez/Library/TinyTeX/texmf-dist/tex/latex/glossaries/base/glossaries.sty
Package: glossaries 2025/08/11 v4.8 (NLCT)
 (/Users/danisanchez/Library/TinyTeX/texmf-dist/tex/latex/xkeyval/xkeyval.sty
Package: xkeyval 2022/06/16 v2.9 package option processing (HA)
 (/Users/danisanchez/Library/TinyTeX/texmf-dist/tex/generic/xkeyval/xkeyval.tex (/Users/danisanchez/Library/TinyTeX/texmf-dist/tex/generic/xkeyval/xkvutils.tex
\XKV@toks=\toks49
\XKV@tempa@toks=\toks50
)
\XKV@depth=\count374
File: xkeyval.tex 2014/12/03 v2.7a key=value parser (HA)
)) (/Users/danisanchez/Library/TinyTeX/texmf-dist/tex/latex/mfirstuc/mfirstuc.sty
Package: mfirstuc 2025/04/03 v2.09 (NLCT)
\@glsmfirst=\toks51
\@glsmrest=\toks52
)

Package glossaries Warning: No language module detected for `spanish'.
(glossaries)                Language modules need to be installed separately.
(glossaries)                Please check on CTAN for a bundle called
(glossaries)                `glossaries-spanish' or similar.

\gls@level=\count375
\@gls@tmpb=\toks53
\gls@tmplen=\skip76
\l__glossaries_tmpa_dim=\dimen178
\l__glossaries_tmpb_dim=\dimen179
\glskeylisttok=\toks54
\glslabeltok=\toks55
\glsshorttok=\toks56
\glslongtok=\toks57
(/Users/danisanchez/Library/TinyTeX/texmf-dist/tex/latex/glossaries/styles/glossary-hypernav.sty
Package: glossary-hypernav 2025/08/11 v4.8 (NLCT)
) (/Users/danisanchez/Library/TinyTeX/texmf-dist/tex/latex/glossaries/styles/glossary-list.sty
Package: glossary-list 2025/08/11 v4.8 (NLCT)
\glslistdottedwidth=\skip77
) (/Users/danisanchez/Library/TinyTeX/texmf-dist/tex/latex/glossaries/styles/glossary-long.sty
Package: glossary-long 2025/08/11 v4.8 (NLCT)
 (/Users/danisanchez/Library/TinyTeX/texmf-dist/tex/latex/tools/longtable.sty
Package: longtable 2024-12-18 v4.23 Multi-page Table package (DPC)
\LTleft=\skip78
\LTright=\skip79
\LTpre=\skip80
\LTpost=\skip81
\LTchunksize=\count376
\LTcapwidth=\dimen180
\LT@head=\box60
\LT@firsthead=\box61
\LT@foot=\box62
\LT@lastfoot=\box63
\LT@gbox=\box64
\LT@cols=\count377
\LT@rows=\count378
\c@LT@tables=\count379
\c@LT@chunks=\count380
\LT@p@ftn=\toks58
)
\glsdescwidth=\skip82
\glspagelistwidth=\skip83
) (/Users/danisanchez/Library/TinyTeX/texmf-dist/tex/latex/glossaries/styles/glossary-tree.sty
Package: glossary-tree 2025/08/11 v4.8 (NLCT)
\l__glossaries_tree_max_known_level_int=\count381
\l__glossaries_tree_offset_dim=\dimen181
\l__glossaries_tree_namewidth_dim=\dimen182
\l__glossaries_tree_symbolwidth_dim=\dimen183
\l__glossaries_tree_prenamesym_width_dim=\dimen184
\l__glossaries_tree_presubnamesym_width_dim=\dimen185
\l__glossaries_tree_namewidth_padding_dim=\dimen186
\l__glossaries_tree_symbolwidth_padding_dim=\dimen187
\l__glossaries_tree_namesymbolwidth_dim=\dimen188
\l__glossaries_tree_namesymbolwidth_padding_dim=\dimen189
\l__glossaries_tree_level_int=\count382
\glstreeindent=\skip84
)) (/Users/danisanchez/Library/TinyTeX/texmf-dist/tex/latex/base/makeidx.sty
Package: makeidx 2021/10/04 v1.0m Standard LaTeX package
) (/Users/danisanchez/Library/TinyTeX/texmf-dist/tex/latex/multirow/multirow.sty
Package: multirow 2024/11/12 v2.9 Span multiple rows of a table
\multirow@colwidth=\skip85
\multirow@cntb=\count383
\multirow@dima=\skip86
\bigstrutjot=\dimen190
) (/Users/danisanchez/Library/TinyTeX/texmf-dist/tex/latex/tools/multicol.sty
Package: multicol 2025/05/25 v2.0a multicolumn formatting (FMi)
\c@tracingmulticols=\count384
\mult@box=\box65
\multicol@leftmargin=\dimen191
\c@unbalance=\count385
\c@collectmore=\count386
\doublecol@number=\count387
\multicoltolerance=\count388
\multicolpretolerance=\count389
\full@width=\dimen192
\page@free=\dimen193
\premulticols=\dimen194
\postmulticols=\dimen195
\multicolsep=\skip87
\multicolbaselineskip=\skip88
\partial@page=\box66
\last@line=\box67
\mc@boxedresult=\box68
\maxbalancingoverflow=\dimen196
\mult@rightbox=\box69
\mult@grightbox=\box70
\mult@firstbox=\box71
\mult@gfirstbox=\box72
\@tempa=\box73
\@tempa=\box74
\@tempa=\box75
\@tempa=\box76
\@tempa=\box77
\@tempa=\box78
\@tempa=\box79
\@tempa=\box80
\@tempa=\box81
\@tempa=\box82
\@tempa=\box83
\@tempa=\box84
\@tempa=\box85
\@tempa=\box86
\@tempa=\box87
\@tempa=\box88
\@tempa=\box89
\@tempa=\box90
\@tempa=\box91
\@tempa=\box92
\@tempa=\box93
\@tempa=\box94
\@tempa=\box95
\@tempa=\box96
\@tempa=\box97
\@tempa=\box98
\@tempa=\box99
\@tempa=\box100
\@tempa=\box101
\@tempa=\box102
\@tempa=\box103
\@tempa=\box104
\@tempa=\box105
\@tempa=\box106
\@tempa=\box107
\@tempa=\box108
\c@minrows=\count390
\c@columnbadness=\count391
\c@finalcolumnbadness=\count392
\last@try=\dimen197
\multicolovershoot=\dimen198
\multicolundershoot=\dimen199
\mult@nat@firstbox=\box109
\colbreak@box=\box110
\mc@col@check@num=\count393
\g__mc_curr_col_int=\count394
) (/Users/danisanchez/Library/TinyTeX/texmf-dist/tex/latex/cite/cite.sty
LaTeX Info: Redefining \cite on input line 302.
LaTeX Info: Redefining \nocite on input line 332.
Package: cite 2015/02/27  v 5.5
) (./IEEEtrantools.sty
Package: IEEEtrantools 2015/08/26 V1.5 by Michael Shell

-- See the "IEEEtrantools_doc.txt" manual for usage information.
-- http://www.michaelshell.org/tex/ieeetran/tools/
\@IEEEtrantmpdimenA=\dimen256
\@IEEEtrantmpdimenB=\dimen257
\@IEEEtrantmpdimenC=\dimen258
\@IEEEtrantmpcountA=\count395
\@IEEEtrantmpcountB=\count396
\@IEEEtrantmpcountC=\count397
\@IEEEtrantmptoksA=\toks59
\IEEEnormaljot=\dimen259
\IEEEquantizedlength=\dimen260
\IEEEquantizedlengthdiff=\dimen261
\IEEEquantizedtextheightdiff=\dimen262
\IEEEilabelindentA=\dimen263
\IEEEilabelindentB=\dimen264
\IEEEilabelindent=\dimen265
\IEEEelabelindent=\dimen266
\IEEEdlabelindent=\dimen267
\IEEElabelindent=\dimen268
\IEEEiednormlabelsep=\dimen269
\IEEEiedmathlabelsep=\dimen270
\IEEEiedtopsep=\skip89
\c@IEEEsubequation=\count398
\@IEEEeqnnumcols=\count399
\@IEEEeqncolcnt=\count400
\@IEEEsubeqnnumrollback=\count401
\IEEEPARstartletwidth=\dimen271
) (/Users/danisanchez/Library/TinyTeX/texmf-dist/tex/latex/float/float.sty
Package: float 2001/11/08 v1.3d Float enhancements (AL)
\c@float@type=\count402
\float@exts=\toks60
\float@box=\box111
\@float@everytoks=\toks61
\@floatcapt=\box112
)
\@indexfile=\write3
\openout3 = `tfg.idx'.


Writing index file tfg.idx
\glswrite=\write4
\glo@main@file=\write5
\openout5 = `tfg.glo'.

Package glossaries Info: Writing glossary file tfg.glo on input line 31.
(/Users/danisanchez/Library/TinyTeX/texmf-dist/tex/latex/l3backend/l3backend-pdftex.def
File: l3backend-pdftex.def 2025-06-09 L3 backend support: PDF output (pdfTeX)
\l__color_backend_stack_int=\count403
) (./tfg.aux
LaTeX Info: Redefining \. on input line 18.
LaTeX Info: Redefining \% on input line 18.
Package babel Info: 'spanish' activates 'spanish' shorthands.
(babel)             Reported on input line 18.
 (./portada_y_ficha_catalografica/portada_y_ficha_catalografica.aux) (./hoja_aprobacion/hoja_aprobacion.aux) (./dedicatoria/dedicatoria.aux) (./agradecimientos/agradecimientos.aux) (./epigrafe/epigrafe.aux) (./resumen/resumen.aux) (./abstract/abstract.aux) (./capitulo_01/introduccion.aux) (./capitulo_02/marco_teorico.aux

LaTeX Warning: Label `fig:logo' multiply defined.


LaTeX Warning: Label `fig:logo' multiply defined.


LaTeX Warning: Label `fig:logo' multiply defined.


LaTeX Warning: Label `fig:logo' multiply defined.


LaTeX Warning: Label `fig:logo' multiply defined.


LaTeX Warning: Label `fig:logo' multiply defined.


LaTeX Warning: Label `fig:logo' multiply defined.


LaTeX Warning: Label `fig:logo' multiply defined.

) (./capitulo_03/Herramientas_Tecnologicas.aux) (./capitulo_04/marco_metodologico.aux) (./capitulo_05/resultados.aux) (./capitulo_06/discusion.aux) (./anexos/anexo.aux))
\openout1 = `tfg.aux'.

LaTeX Font Info:    Checking defaults for OML/cmm/m/it on input line 35.
LaTeX Font Info:    ... okay on input line 35.
LaTeX Font Info:    Checking defaults for OMS/cmsy/m/n on input line 35.
LaTeX Font Info:    ... okay on input line 35.
LaTeX Font Info:    Checking defaults for OT1/cmr/m/n on input line 35.
LaTeX Font Info:    ... okay on input line 35.
LaTeX Font Info:    Checking defaults for T1/cmr/m/n on input line 35.
LaTeX Font Info:    ... okay on input line 35.
LaTeX Font Info:    Checking defaults for TS1/cmr/m/n on input line 35.
LaTeX Font Info:    ... okay on input line 35.
LaTeX Font Info:    Checking defaults for OMX/cmex/m/n on input line 35.
LaTeX Font Info:    ... okay on input line 35.
LaTeX Font Info:    Checking defaults for U/cmr/m/n on input line 35.
LaTeX Font Info:    ... okay on input line 35.
LaTeX Font Info:    Checking defaults for PD1/pdf/m/n on input line 35.
LaTeX Font Info:    ... okay on input line 35.
LaTeX Font Info:    Checking defaults for PU/pdf/m/n on input line 35.
LaTeX Font Info:    ... okay on input line 35.
 (/Users/danisanchez/Library/TinyTeX/texmf-dist/tex/latex/epstopdf-pkg/epstopdf-base.sty
Package: epstopdf-base 2020-01-24 v2.11 Base part for package epstopdf
Package epstopdf-base Info: Redefining graphics rule for `.eps' on input line 485.
 (/Users/danisanchez/Library/TinyTeX/texmf-dist/tex/latex/latexconfig/epstopdf-sys.cfg
File: epstopdf-sys.cfg 2010/07/13 v1.3 Configuration of (r)epstopdf for TeX Live
))
LaTeX Info: Redefining \. on input line 35.
LaTeX Info: Redefining \% on input line 35.
Package hyperref Info: Link coloring OFF on input line 35.
 (./tfg.out) (./tfg.out)
\@outlinefile=\write6
\openout6 = `tfg.out'.

 (./tfg.glsdefs)
LaTeX Font Info:    Trying to load font information for U+msa on input line 53.
 (/Users/danisanchez/Library/TinyTeX/texmf-dist/tex/latex/amsfonts/umsa.fd
File: umsa.fd 2013/01/14 v3.01 AMS symbols A
)
LaTeX Font Info:    Trying to load font information for U+msb on input line 53.
 (/Users/danisanchez/Library/TinyTeX/texmf-dist/tex/latex/amsfonts/umsb.fd
File: umsb.fd 2013/01/14 v3.01 AMS symbols B
)

LaTeX Font Warning: Font shape `OT1/cmr/bx/sc' undefined
(Font)              using `OT1/cmr/bx/n' instead on input line 61.

<./portada_y_ficha_catalografica/logo.png, id=324, 216.0873pt x 216.0873pt>
File: ./portada_y_ficha_catalografica/logo.png Graphic file (type png)
<use ./portada_y_ficha_catalografica/logo.png>
Package pdftex.def Info: ./portada_y_ficha_catalografica/logo.png  used on input line 71.
(pdftex.def)             Requested size: 129.65337pt x 129.65337pt.


[1

\openout4 = `tfg.ist'.


{/Users/danisanchez/Library/TinyTeX/texmf-var/fonts/map/pdftex/updmap/pdftex.map} <./portada_y_ficha_catalografica/logo.png>]
\openout2 = `./portada_y_ficha_catalografica/portada_y_ficha_catalografica.aux'.

 (./portada_y_ficha_catalografica/portada_y_ficha_catalografica.tex
File: ./portada_y_ficha_catalografica/logo.png Graphic file (type png)
<use ./portada_y_ficha_catalografica/logo.png>
Package pdftex.def Info: ./portada_y_ficha_catalografica/logo.png  used on input line 30.
(pdftex.def)             Requested size: 129.65337pt x 129.65337pt.


[2

]
Overfull \hbox (57.36356pt too wide) in paragraph at lines 79--103
 [][] 
 []

)

[3]
\openout2 = `./hoja_aprobacion/hoja_aprobacion.aux'.

 (./hoja_aprobacion/hoja_aprobacion.tex)

[4



]
\openout2 = `./dedicatoria/dedicatoria.aux'.

 (./dedicatoria/dedicatoria.tex)
Overfull \hbox (19.50645pt too wide) in paragraph at lines 10--99
\OT1/cmr/m/it/14.4 nue-stro pro-fe-sor ori-en-ta-dor, por su ori-entaci^^Son, pa-cien-cia y valiosos
 []



[5



]
\openout2 = `./agradecimientos/agradecimientos.aux'.

 (./agradecimientos/agradecimientos.tex)
Overfull \hbox (6.21149pt too wide) in paragraph at lines 4--100
\OT1/cmr/m/it/14.4 A to-das aque-l-las per-sonas que, de una u otra for-ma, con-tribuyeron
 []



[6



]
\openout2 = `./epigrafe/epigrafe.aux'.

 (./epigrafe/epigrafe.tex)

[7



]
\openout2 = `./resumen/resumen.aux'.

 (./resumen/resumen.tex)

[8



]
\openout2 = `./abstract/abstract.aux'.

 (./abstract/abstract.tex
Overfull \hbox (21.00446pt too wide) in paragraph at lines 11--12
\OT1/cmr/m/n/14.4 mod-els like YOLOv8 and Ar-c-Face were used. The method-
 []


Overfull \hbox (1.0345pt too wide) in paragraph at lines 16--17
\OT1/cmr/bx/n/14.4 Key words: \OT1/cmr/m/n/14.4 1. Fa-cial Recog-ni-tion, 2. At-ten-dance Con-
 []

)

[9



] (./tfg.toc
LaTeX Info: Redefining \. on input line 1.
LaTeX Info: Redefining \% on input line 1.


Package spanish Warning: Replacing `OT1/cmr/bx/sc' by 
(spanish)                faked small caps on input line 2.


Package spanish Warning: Replacing `OT1/cmr/bx/sc' by 
(spanish)                faked small caps on input line 3.


Package spanish Warning: Replacing `OT1/cmr/bx/sc' by 
(spanish)                faked small caps on input line 4.


Package spanish Warning: Replacing `OT1/cmr/bx/sc' by 
(spanish)                faked small caps on input line 5.


Package spanish Warning: Replacing `OT1/cmr/bx/sc' by 
(spanish)                faked small caps on input line 6.



[10



]
Overfull \hbox (17.63673pt too wide) in paragraph at lines 24--24
 [][] [][]\OT1/cmr/m/n/14.4 Aplicaciones de los sis-temas de re-conocimien- 
 []



LaTeX Info: Redefining \. on input line 52.
LaTeX Info: Redefining \% on input line 52.
Package babel Info: 'spanish' activates 'spanish' shorthands.
(babel)             Reported on input line 52.
LaTeX Info: Redefining \. on input line 52.
LaTeX Info: Redefining \% on input line 52.

Package fancyhdr Warning: \headheight is too small (12.0pt): 
(fancyhdr)                Make it at least 15.71667pt, for example:
(fancyhdr)                \setlength{\headheight}{15.71667pt}.
(fancyhdr)                You might also make \topmargin smaller:
(fancyhdr)                \addtolength{\topmargin}{-3.71667pt}.

[11]
Overfull \hbox (25.08328pt too wide) in paragraph at lines 73--73
 [][] [][]\OT1/cmr/m/n/14.4 Configuraciones apli-cadas y re-sul-ta-dos obtenidos[] [][]  
 []



LaTeX Info: Redefining \. on input line 80.
LaTeX Info: Redefining \% on input line 80.
LaTeX Info: Redefining \. on input line 80.
LaTeX Info: Redefining \% on input line 80.

Package fancyhdr Warning: \headheight is too small (12.0pt): 
(fancyhdr)                Make it at least 15.71667pt, for example:
(fancyhdr)                \setlength{\headheight}{15.71667pt}.
(fancyhdr)                You might also make \topmargin smaller:
(fancyhdr)                \addtolength{\topmargin}{-3.71667pt}.

[12])
\tf@toc=\write7
\openout7 = `tfg.toc'.



LaTeX Info: Redefining \. on input line 107.
LaTeX Info: Redefining \% on input line 107.
LaTeX Info: Redefining \. on input line 107.
LaTeX Info: Redefining \% on input line 107.

Package fancyhdr Warning: \headheight is too small (12.0pt): 
(fancyhdr)                Make it at least 15.71667pt, for example:
(fancyhdr)                \setlength{\headheight}{15.71667pt}.
(fancyhdr)                You might also make \topmargin smaller:
(fancyhdr)                \addtolength{\topmargin}{-3.71667pt}.

[13] (./tfg.lof
LaTeX Info: Redefining \. on input line 1.
LaTeX Info: Redefining \% on input line 1.


[14

]
Overfull \hbox (4.20027pt too wide) in paragraph at lines 20--20
 [][] [][]\OT1/cmr/m/n/14.4 Diagrama de En-ti-dad{Relaci^^Son del sis-tema Check- 
 []



LaTeX Info: Redefining \. on input line 30.
LaTeX Info: Redefining \% on input line 30.
LaTeX Info: Redefining \. on input line 30.
LaTeX Info: Redefining \% on input line 30.

Package fancyhdr Warning: \headheight is too small (12.0pt): 
(fancyhdr)                Make it at least 15.71667pt, for example:
(fancyhdr)                \setlength{\headheight}{15.71667pt}.
(fancyhdr)                You might also make \topmargin smaller:
(fancyhdr)                \addtolength{\topmargin}{-3.71667pt}.

[15])
\tf@lof=\write8
\openout8 = `tfg.lof'.



LaTeX Info: Redefining \. on input line 109.
LaTeX Info: Redefining \% on input line 109.
LaTeX Info: Redefining \. on input line 109.
LaTeX Info: Redefining \% on input line 109.

Package fancyhdr Warning: \headheight is too small (12.0pt): 
(fancyhdr)                Make it at least 15.71667pt, for example:
(fancyhdr)                \setlength{\headheight}{15.71667pt}.
(fancyhdr)                You might also make \topmargin smaller:
(fancyhdr)                \addtolength{\topmargin}{-3.71667pt}.

[16] (./tfg.lot
LaTeX Info: Redefining \. on input line 1.
LaTeX Info: Redefining \% on input line 1.
)
\tf@lot=\write9
\openout9 = `tfg.lot'.


No file tfg.gls.


[17

]
\openout2 = `./capitulo_01/introduccion.aux'.

 (./capitulo_01/introduccion.tex
Cap\'{\i }tulo 1.

LaTeX Warning: No positions in optional float specifier.
               Default added (so using `tbp') on input line 10.



[1



]


Package fancyhdr Warning: \headheight is too small (12.0pt): 
(fancyhdr)                Make it at least 14.49998pt, for example:
(fancyhdr)                \setlength{\headheight}{14.49998pt}.
(fancyhdr)                You might also make \topmargin smaller:
(fancyhdr)                \addtolength{\topmargin}{-2.49998pt}.

[2]


Package fancyhdr Warning: \headheight is too small (12.0pt): 
(fancyhdr)                Make it at least 14.49998pt, for example:
(fancyhdr)                \setlength{\headheight}{14.49998pt}.
(fancyhdr)                You might also make \topmargin smaller:
(fancyhdr)                \addtolength{\topmargin}{-2.49998pt}.

[3]


Package fancyhdr Warning: \headheight is too small (12.0pt): 
(fancyhdr)                Make it at least 14.49998pt, for example:
(fancyhdr)                \setlength{\headheight}{14.49998pt}.
(fancyhdr)                You might also make \topmargin smaller:
(fancyhdr)                \addtolength{\topmargin}{-2.49998pt}.

[4]
Overfull \hbox (27.7212pt too wide) in paragraph at lines 81--84
[]\OT1/cmr/bx/sc/14.4 Fomento de la pun-tu-al-i-dad y asis-ten-cia:\OT1/cmr/m/n/14.4 La im-ple-mentaci^^Son
 []


Overfull \hbox (24.59619pt too wide) in paragraph at lines 89--91
[]\OT1/cmr/bx/sc/14.4 L^^S^^Pmite del con-tenido: \OT1/cmr/m/n/14.4 De-sar-rol-lo de un sis-tema re-conocimien-
 []




Package fancyhdr Warning: \headheight is too small (12.0pt): 
(fancyhdr)                Make it at least 14.49998pt, for example:
(fancyhdr)                \setlength{\headheight}{14.49998pt}.
(fancyhdr)                You might also make \topmargin smaller:
(fancyhdr)                \addtolength{\topmargin}{-2.49998pt}.

[5])


Package fancyhdr Warning: \headheight is too small (12.0pt): 
(fancyhdr)                Make it at least 14.49998pt, for example:
(fancyhdr)                \setlength{\headheight}{14.49998pt}.
(fancyhdr)                You might also make \topmargin smaller:
(fancyhdr)                \addtolength{\topmargin}{-2.49998pt}.

[6]
\openout2 = `./capitulo_02/marco_teorico.aux'.

 (./capitulo_02/marco_teorico.tex
\c@teorema=\count404

Cap\'{\i }tulo 2.


[7




]
Overfull \hbox (12.50829pt too wide) in paragraph at lines 25--29
\OT1/cmr/m/n/14.4 tema antropom^^Setri-co (tam-bi^^Sen cono-ci-do m^^Sas tarde co-mo Bertillon-
 []




Package fancyhdr Warning: \headheight is too small (12.0pt): 
(fancyhdr)                Make it at least 14.49998pt, for example:
(fancyhdr)                \setlength{\headheight}{14.49998pt}.
(fancyhdr)                You might also make \topmargin smaller:
(fancyhdr)                \addtolength{\topmargin}{-2.49998pt}.

[8]
<imagenes_doc/segu_biometrica_1.jpg, id=700, 1033.8625pt x 689.57625pt>
File: imagenes_doc/segu_biometrica_1.jpg Graphic file (type jpg)
<use imagenes_doc/segu_biometrica_1.jpg>
Package pdftex.def Info: imagenes_doc/segu_biometrica_1.jpg  used on input line 57.
(pdftex.def)             Requested size: 234.00238pt x 156.0739pt.
<imagenes_doc/tabla_rand.jpg, id=704, 883.3pt x 588.1975pt>
File: imagenes_doc/tabla_rand.jpg Graphic file (type jpg)
<use imagenes_doc/tabla_rand.jpg>
Package pdftex.def Info: imagenes_doc/tabla_rand.jpg  used on input line 81.
(pdftex.def)             Requested size: 234.00238pt x 155.81773pt.



Package fancyhdr Warning: \headheight is too small (12.0pt): 
(fancyhdr)                Make it at least 14.49998pt, for example:
(fancyhdr)                \setlength{\headheight}{14.49998pt}.
(fancyhdr)                You might also make \topmargin smaller:
(fancyhdr)                \addtolength{\topmargin}{-2.49998pt}.

[9
pdfTeX warning (ext4): destination with the same identifier (name{figure.2.1}) has been already used, duplicate ignored
<argument> ...shipout:D \box_use:N \l_shipout_box 
                                                  \__shipout_drop_firstpage_...
l.85 
      <./imagenes_doc/segu_biometrica_1.jpg>]


Package fancyhdr Warning: \headheight is too small (12.0pt): 
(fancyhdr)                Make it at least 14.49998pt, for example:
(fancyhdr)                \setlength{\headheight}{14.49998pt}.
(fancyhdr)                You might also make \topmargin smaller:
(fancyhdr)                \addtolength{\topmargin}{-2.49998pt}.

[10
pdfTeX warning (ext4): destination with the same identifier (name{figure.2.2}) has been already used, duplicate ignored
<argument> ...shipout:D \box_use:N \l_shipout_box 
                                                  \__shipout_drop_firstpage_...
l.103 
       <./imagenes_doc/tabla_rand.jpg>]
<imagenes_doc/Reconocimiento_Facial.jpg, id=721, 240.9pt x 166.9437pt>
File: imagenes_doc/Reconocimiento_Facial.jpg Graphic file (type jpg)
<use imagenes_doc/Reconocimiento_Facial.jpg>
Package pdftex.def Info: imagenes_doc/Reconocimiento_Facial.jpg  used on input line 106.
(pdftex.def)             Requested size: 234.00238pt x 162.16953pt.

Overfull \hbox (10.62833pt too wide) in paragraph at lines 113--118
[]\OT1/cmr/m/n/14.4 El re-conocimien-to fa-cial es una cat-e-gor^^S^^Pa de se-guri-dad biom^^Setri-
 []


Overfull \hbox (3.8644pt too wide) in paragraph at lines 113--118
\OT1/cmr/m/n/14.4 ca. Otras for-mas de soft-ware biom^^Setri-co in-cluyen el re-conocimien-
 []


Overfull \hbox (7.69487pt too wide) in paragraph at lines 113--118
\OT1/cmr/m/n/14.4 to de voz, el re-cono-ci mien-to de huel-las dig-i-tales y el re-conocimien-
 []




Package fancyhdr Warning: \headheight is too small (12.0pt): 
(fancyhdr)                Make it at least 14.49998pt, for example:
(fancyhdr)                \setlength{\headheight}{14.49998pt}.
(fancyhdr)                You might also make \topmargin smaller:
(fancyhdr)                \addtolength{\topmargin}{-2.49998pt}.

[11
pdfTeX warning (ext4): destination with the same identifier (name{figure.2.3}) has been already used, duplicate ignored
<argument> ...shipout:D \box_use:N \l_shipout_box 
                                                  \__shipout_drop_firstpage_...
l.136   \item \textbf
                     {Paso 3: Conversión de la imagen a datos} <./imagenes_doc/Reconocimiento_Facial.jpg>]


Package fancyhdr Warning: \headheight is too small (12.0pt): 
(fancyhdr)                Make it at least 14.49998pt, for example:
(fancyhdr)                \setlength{\headheight}{14.49998pt}.
(fancyhdr)                You might also make \topmargin smaller:
(fancyhdr)                \addtolength{\topmargin}{-2.49998pt}.

[12]
Overfull \hbox (22.44467pt too wide) in paragraph at lines 161--166
[]\OT1/cmr/bx/sc/14.4 Detecci^^Son de fraudes: \OT1/cmr/m/n/14.4 Las em-pre-sas uti-lizan el re-conocimien-
 []


Overfull \hbox (4.1752pt too wide) in paragraph at lines 166--172
[]\OT1/cmr/bx/sc/14.4 Seguridad cibern^^Setica:\OT1/cmr/m/n/14.4 Las em-pre-sas uti-lizan la tec-nolog^^S^^Pa
 []




Package fancyhdr Warning: \headheight is too small (12.0pt): 
(fancyhdr)                Make it at least 14.49998pt, for example:
(fancyhdr)                \setlength{\headheight}{14.49998pt}.
(fancyhdr)                You might also make \topmargin smaller:
(fancyhdr)                \addtolength{\topmargin}{-2.49998pt}.

[13]


Package fancyhdr Warning: \headheight is too small (12.0pt): 
(fancyhdr)                Make it at least 14.49998pt, for example:
(fancyhdr)                \setlength{\headheight}{14.49998pt}.
(fancyhdr)                You might also make \topmargin smaller:
(fancyhdr)                \addtolength{\topmargin}{-2.49998pt}.

[14]


Package fancyhdr Warning: \headheight is too small (12.0pt): 
(fancyhdr)                Make it at least 14.49998pt, for example:
(fancyhdr)                \setlength{\headheight}{14.49998pt}.
(fancyhdr)                You might also make \topmargin smaller:
(fancyhdr)                \addtolength{\topmargin}{-2.49998pt}.

[15]
Overfull \hbox (1.82191pt too wide) in paragraph at lines 229--230
[]\OT1/cmr/bx/sc/14.4 Aprendizaje su-per-visa-do: \OT1/cmr/m/n/14.4 el mod-e-lo se en-tre-na con datos
 []


Overfull \hbox (0.2534pt too wide) in paragraph at lines 233--234
\OT1/cmr/m/n/14.4 de la ex-pe-ri-en-cia, toman-do de-ci-siones en un en-torno din^^Sami-
 []

<imagenes_doc/DEEP_LEARNING.jpg, id=760, 1187.43625pt x 1204.5pt>
File: imagenes_doc/DEEP_LEARNING.jpg Graphic file (type jpg)
<use imagenes_doc/DEEP_LEARNING.jpg>
Package pdftex.def Info: imagenes_doc/DEEP_LEARNING.jpg  used on input line 247.
(pdftex.def)             Requested size: 214.50119pt x 217.57257pt.



Package fancyhdr Warning: \headheight is too small (12.0pt): 
(fancyhdr)                Make it at least 14.49998pt, for example:
(fancyhdr)                \setlength{\headheight}{14.49998pt}.
(fancyhdr)                You might also make \topmargin smaller:
(fancyhdr)                \addtolength{\topmargin}{-2.49998pt}.

[16]


Package fancyhdr Warning: \headheight is too small (12.0pt): 
(fancyhdr)                Make it at least 14.49998pt, for example:
(fancyhdr)                \setlength{\headheight}{14.49998pt}.
(fancyhdr)                You might also make \topmargin smaller:
(fancyhdr)                \addtolength{\topmargin}{-2.49998pt}.

[17
pdfTeX warning (ext4): destination with the same identifier (name{figure.2.4}) has been already used, duplicate ignored
<argument> ...shipout:D \box_use:N \l_shipout_box 
                                                  \__shipout_drop_firstpage_...
l.261 \end{itemize}
                    <./imagenes_doc/DEEP_LEARNING.jpg>]
<imagenes_doc/redes_neuronales.png, id=773, 755.82375pt x 398.48875pt>
File: imagenes_doc/redes_neuronales.png Graphic file (type png)
<use imagenes_doc/redes_neuronales.png>
Package pdftex.def Info: imagenes_doc/redes_neuronales.png  used on input line 270.
(pdftex.def)             Requested size: 234.00238pt x 123.37215pt.



Package fancyhdr Warning: \headheight is too small (12.0pt): 
(fancyhdr)                Make it at least 14.49998pt, for example:
(fancyhdr)                \setlength{\headheight}{14.49998pt}.
(fancyhdr)                You might also make \topmargin smaller:
(fancyhdr)                \addtolength{\topmargin}{-2.49998pt}.

[18
pdfTeX warning (ext4): destination with the same identifier (name{figure.2.5}) has been already used, duplicate ignored
<argument> ...shipout:D \box_use:N \l_shipout_box 
                                                  \__shipout_drop_firstpage_...
l.280 
       <./imagenes_doc/redes_neuronales.png (PNG copy)>]
<imagenes_doc/image_01.jpg, id=782, 471.26062pt x 197.23688pt>
File: imagenes_doc/image_01.jpg Graphic file (type jpg)
<use imagenes_doc/image_01.jpg>
Package pdftex.def Info: imagenes_doc/image_01.jpg  used on input line 287.
(pdftex.def)             Requested size: 234.00238pt x 97.93802pt.
<imagenes_doc/image_02.jpg, id=785, 488.57532pt x 230.36063pt>
File: imagenes_doc/image_02.jpg Graphic file (type jpg)
<use imagenes_doc/image_02.jpg>
Package pdftex.def Info: imagenes_doc/image_02.jpg  used on input line 296.
(pdftex.def)             Requested size: 234.00238pt x 110.33281pt.



Package fancyhdr Warning: \headheight is too small (12.0pt): 
(fancyhdr)                Make it at least 14.49998pt, for example:
(fancyhdr)                \setlength{\headheight}{14.49998pt}.
(fancyhdr)                You might also make \topmargin smaller:
(fancyhdr)                \addtolength{\topmargin}{-2.49998pt}.

[19
pdfTeX warning (ext4): destination with the same identifier (name{figure.2.6}) has been already used, duplicate ignored
<argument> ...shipout:D \box_use:N \l_shipout_box 
                                                  \__shipout_drop_firstpage_...
l.299 \end{figure}
                   <./imagenes_doc/image_01.jpg>]
<imagenes_doc/redes_convolucionales.png, id=795, 642.4pt x 329.23pt>
File: imagenes_doc/redes_convolucionales.png Graphic file (type png)
<use imagenes_doc/redes_convolucionales.png>
Package pdftex.def Info: imagenes_doc/redes_convolucionales.png  used on input line 306.
(pdftex.def)             Requested size: 234.00238pt x 119.9243pt.



Package fancyhdr Warning: \headheight is too small (12.0pt): 
(fancyhdr)                Make it at least 14.49998pt, for example:
(fancyhdr)                \setlength{\headheight}{14.49998pt}.
(fancyhdr)                You might also make \topmargin smaller:
(fancyhdr)                \addtolength{\topmargin}{-2.49998pt}.

[20
pdfTeX warning (ext4): destination with the same identifier (name{figure.2.7}) has been already used, duplicate ignored
<argument> ...shipout:D \box_use:N \l_shipout_box 
                                                  \__shipout_drop_firstpage_...
l.310 
       <./imagenes_doc/image_02.jpg>]
<imagenes_doc/Redes_GAN.jpg, id=804, 1403.2425pt x 479.7925pt>
File: imagenes_doc/Redes_GAN.jpg Graphic file (type jpg)
<use imagenes_doc/Redes_GAN.jpg>
Package pdftex.def Info: imagenes_doc/Redes_GAN.jpg  used on input line 315.
(pdftex.def)             Requested size: 234.00238pt x 80.00426pt.



Package fancyhdr Warning: \headheight is too small (12.0pt): 
(fancyhdr)                Make it at least 14.49998pt, for example:
(fancyhdr)                \setlength{\headheight}{14.49998pt}.
(fancyhdr)                You might also make \topmargin smaller:
(fancyhdr)                \addtolength{\topmargin}{-2.49998pt}.

[21
pdfTeX warning (ext4): destination with the same identifier (name{figure.2.8}) has been already used, duplicate ignored
<argument> ...shipout:D \box_use:N \l_shipout_box 
                                                  \__shipout_drop_firstpage_...
l.324 
      
pdfTeX warning (ext4): destination with the same identifier (name{figure.2.9}) has been already used, duplicate ignored
<argument> ...shipout:D \box_use:N \l_shipout_box 
                                                  \__shipout_drop_firstpage_...
l.324 
       <./imagenes_doc/redes_convolucionales.png> <./imagenes_doc/Redes_GAN.jpg>]


Package fancyhdr Warning: \headheight is too small (12.0pt): 
(fancyhdr)                Make it at least 14.49998pt, for example:
(fancyhdr)                \setlength{\headheight}{14.49998pt}.
(fancyhdr)                You might also make \topmargin smaller:
(fancyhdr)                \addtolength{\topmargin}{-2.49998pt}.

[22]
<imagenes_doc/registroimg.jpg, id=819, 1149.29375pt x 489.83pt>
File: imagenes_doc/registroimg.jpg Graphic file (type jpg)
<use imagenes_doc/registroimg.jpg>
Package pdftex.def Info: imagenes_doc/registroimg.jpg  used on input line 368.
(pdftex.def)             Requested size: 234.00238pt x 99.72816pt.



Package fancyhdr Warning: \headheight is too small (12.0pt): 
(fancyhdr)                Make it at least 14.49998pt, for example:
(fancyhdr)                \setlength{\headheight}{14.49998pt}.
(fancyhdr)                You might also make \topmargin smaller:
(fancyhdr)                \addtolength{\topmargin}{-2.49998pt}.

[23]
Overfull \hbox (21.57132pt too wide) in paragraph at lines 383--384
[]\OT1/cmr/bx/sc/14.4 Informaci^^Son Per-son-al: \OT1/cmr/m/n/14.4 Nom-bre com-ple-to, fecha de nacimien-
 []


Overfull \hbox (0.50813pt too wide) in paragraph at lines 384--385
[]\OT1/cmr/bx/sc/14.4 Historial acad^^Semi-co: \OT1/cmr/m/n/14.4 Trans-fer-en-cias a otras in-sti-tu-ciones,
 []




Package fancyhdr Warning: \headheight is too small (12.0pt): 
(fancyhdr)                Make it at least 14.49998pt, for example:
(fancyhdr)                \setlength{\headheight}{14.49998pt}.
(fancyhdr)                You might also make \topmargin smaller:
(fancyhdr)                \addtolength{\topmargin}{-2.49998pt}.

[24
pdfTeX warning (ext4): destination with the same identifier (name{figure.2.10}) has been already used, duplicate ignored
<argument> ...shipout:D \box_use:N \l_shipout_box 
                                                  \__shipout_drop_firstpage_...
l.392   \item \textbf
                     {Toma de decisiones:} Sirven de base para tomar decisio... <./imagenes_doc/registroimg.jpg>]
Overfull \hbox (1.3817pt too wide) in paragraph at lines 393--394
[]\OT1/cmr/bx/sc/14.4 Seguimiento acad^^Semi-co: \OT1/cmr/m/n/14.4 Fa-cil-i-tan el seguimien-to del pro-
 []


Overfull \hbox (2.31697pt too wide) in paragraph at lines 394--395
[]\OT1/cmr/bx/sc/14.4 Informaci^^Son para ter-ceros: \OT1/cmr/m/n/14.4 Se uti-lizan para pro-por-cionar
 []




Package fancyhdr Warning: \headheight is too small (12.0pt): 
(fancyhdr)                Make it at least 14.49998pt, for example:
(fancyhdr)                \setlength{\headheight}{14.49998pt}.
(fancyhdr)                You might also make \topmargin smaller:
(fancyhdr)                \addtolength{\topmargin}{-2.49998pt}.

[25]


Package fancyhdr Warning: \headheight is too small (12.0pt): 
(fancyhdr)                Make it at least 14.49998pt, for example:
(fancyhdr)                \setlength{\headheight}{14.49998pt}.
(fancyhdr)                You might also make \topmargin smaller:
(fancyhdr)                \addtolength{\topmargin}{-2.49998pt}.

[26]


Package fancyhdr Warning: \headheight is too small (12.0pt): 
(fancyhdr)                Make it at least 14.49998pt, for example:
(fancyhdr)                \setlength{\headheight}{14.49998pt}.
(fancyhdr)                You might also make \topmargin smaller:
(fancyhdr)                \addtolength{\topmargin}{-2.49998pt}.

[27])


Package fancyhdr Warning: \headheight is too small (12.0pt): 
(fancyhdr)                Make it at least 14.49998pt, for example:
(fancyhdr)                \setlength{\headheight}{14.49998pt}.
(fancyhdr)                You might also make \topmargin smaller:
(fancyhdr)                \addtolength{\topmargin}{-2.49998pt}.

[28]
\openout2 = `./capitulo_03/Herramientas_Tecnologicas.aux'.

 (./capitulo_03/Herramientas_Tecnologicas.tex
Cap\'{\i }tulo 3.

Overfull \hbox (2.16846pt too wide) in paragraph at lines 24--25
[]\OT1/cmr/m/n/14.4 Facilita la co-mu-ni-caci^^Son en-tre dise~nadores y de-sar-rol-ladores,
 []



[29




]


Package fancyhdr Warning: \headheight is too small (12.0pt): 
(fancyhdr)                Make it at least 14.49998pt, for example:
(fancyhdr)                \setlength{\headheight}{14.49998pt}.
(fancyhdr)                You might also make \topmargin smaller:
(fancyhdr)                \addtolength{\topmargin}{-2.49998pt}.

[30]


Package fancyhdr Warning: \headheight is too small (12.0pt): 
(fancyhdr)                Make it at least 14.49998pt, for example:
(fancyhdr)                \setlength{\headheight}{14.49998pt}.
(fancyhdr)                You might also make \topmargin smaller:
(fancyhdr)                \addtolength{\topmargin}{-2.49998pt}.

[31]


Package fancyhdr Warning: \headheight is too small (12.0pt): 
(fancyhdr)                Make it at least 14.49998pt, for example:
(fancyhdr)                \setlength{\headheight}{14.49998pt}.
(fancyhdr)                You might also make \topmargin smaller:
(fancyhdr)                \addtolength{\topmargin}{-2.49998pt}.

[32]


Package fancyhdr Warning: \headheight is too small (12.0pt): 
(fancyhdr)                Make it at least 14.49998pt, for example:
(fancyhdr)                \setlength{\headheight}{14.49998pt}.
(fancyhdr)                You might also make \topmargin smaller:
(fancyhdr)                \addtolength{\topmargin}{-2.49998pt}.

[33])


Package fancyhdr Warning: \headheight is too small (12.0pt): 
(fancyhdr)                Make it at least 14.49998pt, for example:
(fancyhdr)                \setlength{\headheight}{14.49998pt}.
(fancyhdr)                You might also make \topmargin smaller:
(fancyhdr)                \addtolength{\topmargin}{-2.49998pt}.

[34]
\openout2 = `./capitulo_04/marco_metodologico.aux'.

 (./capitulo_04/marco_metodologico.tex
Cap\'{\i }tulo 4.

Overfull \hbox (25.1198pt too wide) in paragraph at lines 10--11
[]\OT1/cmr/m/n/14.4 Este cap^^S^^Ptu-lo tiene co-mo prop^^Sosito de-tal-lar el en-foque metodol^^Sogi-
 []


Overfull \hbox (20.69652pt too wide) in paragraph at lines 19--20
\OT1/cmr/m/n/14.4 tema au-tom-a-ti-za-do de con-trol de asis-ten-cia basa-do en re-conocimien-
 []



[35




]
<imagenes_doc/Sprints.jpg, id=923, 781.73746pt x 442.78099pt>
File: imagenes_doc/Sprints.jpg Graphic file (type jpg)
<use imagenes_doc/Sprints.jpg>
Package pdftex.def Info: imagenes_doc/Sprints.jpg  used on input line 38.
(pdftex.def)             Requested size: 386.10214pt x 218.69418pt.



Package fancyhdr Warning: \headheight is too small (12.0pt): 
(fancyhdr)                Make it at least 14.49998pt, for example:
(fancyhdr)                \setlength{\headheight}{14.49998pt}.
(fancyhdr)                You might also make \topmargin smaller:
(fancyhdr)                \addtolength{\topmargin}{-2.49998pt}.

[36]
Overfull \hbox (3.38669pt too wide) in paragraph at lines 52--54
\OT1/cmr/m/n/14.4 usuar-ios en dis-tin-tas condi-ciones de ilu-mi-naci^^Son, ex-pre-siones
 []




Package fancyhdr Warning: \headheight is too small (12.0pt): 
(fancyhdr)                Make it at least 14.49998pt, for example:
(fancyhdr)                \setlength{\headheight}{14.49998pt}.
(fancyhdr)                You might also make \topmargin smaller:
(fancyhdr)                \addtolength{\topmargin}{-2.49998pt}.

[37
pdfTeX warning (ext4): destination with the same identifier (name{figure.4.1}) has been already used, duplicate ignored
<argument> ...shipout:D \box_use:N \l_shipout_box 
                                                  \__shipout_drop_firstpage_...
l.55   \newpage
                <./imagenes_doc/Sprints.jpg>]


Package fancyhdr Warning: \headheight is too small (12.0pt): 
(fancyhdr)                Make it at least 14.49998pt, for example:
(fancyhdr)                \setlength{\headheight}{14.49998pt}.
(fancyhdr)                You might also make \topmargin smaller:
(fancyhdr)                \addtolength{\topmargin}{-2.49998pt}.

[38]


Package fancyhdr Warning: \headheight is too small (12.0pt): 
(fancyhdr)                Make it at least 14.49998pt, for example:
(fancyhdr)                \setlength{\headheight}{14.49998pt}.
(fancyhdr)                You might also make \topmargin smaller:
(fancyhdr)                \addtolength{\topmargin}{-2.49998pt}.

[39]
<imagenes_doc/sin_normalizar.png, id=944, 1016.598pt x 402.90524pt>
File: imagenes_doc/sin_normalizar.png Graphic file (type png)
<use imagenes_doc/sin_normalizar.png>
Package pdftex.def Info: imagenes_doc/sin_normalizar.png  used on input line 107.
(pdftex.def)             Requested size: 386.10214pt x 153.0195pt.



Package fancyhdr Warning: \headheight is too small (12.0pt): 
(fancyhdr)                Make it at least 14.49998pt, for example:
(fancyhdr)                \setlength{\headheight}{14.49998pt}.
(fancyhdr)                You might also make \topmargin smaller:
(fancyhdr)                \addtolength{\topmargin}{-2.49998pt}.

[40]
<imagenes_doc/dataset_rostros.jpg, id=950, 1009.97325pt x 361.35pt>
File: imagenes_doc/dataset_rostros.jpg Graphic file (type jpg)
<use imagenes_doc/dataset_rostros.jpg>
Package pdftex.def Info: imagenes_doc/dataset_rostros.jpg  used on input line 114.
(pdftex.def)             Requested size: 386.10214pt x 138.13597pt.

Overfull \hbox (10.62833pt too wide) in paragraph at lines 119--120
[]\OT1/cmr/m/n/14.4 El pro-ce-so de pre-proce-samien-to in-cluye la de-tec-ci^^Son au-tom^^Satica
 []


Overfull \hbox (2.3683pt too wide) in paragraph at lines 119--120
\OT1/cmr/m/n/14.4 condi-ciones sim-i-lares de en-tra-da, mejo-ran-do la pre-cisi^^Son del mod-
 []




Package fancyhdr Warning: \headheight is too small (12.0pt): 
(fancyhdr)                Make it at least 14.49998pt, for example:
(fancyhdr)                \setlength{\headheight}{14.49998pt}.
(fancyhdr)                You might also make \topmargin smaller:
(fancyhdr)                \addtolength{\topmargin}{-2.49998pt}.

[41
pdfTeX warning (ext4): destination with the same identifier (name{figure.4.2}) has been already used, duplicate ignored
<argument> ...shipout:D \box_use:N \l_shipout_box 
                                                  \__shipout_drop_firstpage_...
l.125 
      
pdfTeX warning (ext4): destination with the same identifier (name{figure.4.3}) has been already used, duplicate ignored
<argument> ...shipout:D \box_use:N \l_shipout_box 
                                                  \__shipout_drop_firstpage_...
l.125 
       <./imagenes_doc/sin_normalizar.png> <./imagenes_doc/dataset_rostros.jpg>]
Overfull \hbox (6.06168pt too wide) in paragraph at lines 132--133
[]\OT1/cmr/bx/sc/14.4 Estructura del dataset: \OT1/cmr/m/n/14.4 Im^^Sagenes or-ga-ni-zadas por usuario
 []




Package fancyhdr Warning: \headheight is too small (12.0pt): 
(fancyhdr)                Make it at least 14.49998pt, for example:
(fancyhdr)                \setlength{\headheight}{14.49998pt}.
(fancyhdr)                You might also make \topmargin smaller:
(fancyhdr)                \addtolength{\topmargin}{-2.49998pt}.

[42]
Overfull \hbox (32.28505pt too wide) in paragraph at lines 155--157
\OT1/cmtt/m/n/14.4 embeddings/\OT1/cmr/m/n/14.4 , mien-tras que el archi-vo \OT1/cmtt/m/n/14.4 centroids.json \OT1/cmr/m/n/14.4 mantiene
 []




Package fancyhdr Warning: \headheight is too small (12.0pt): 
(fancyhdr)                Make it at least 14.49998pt, for example:
(fancyhdr)                \setlength{\headheight}{14.49998pt}.
(fancyhdr)                You might also make \topmargin smaller:
(fancyhdr)                \addtolength{\topmargin}{-2.49998pt}.

[43]


Package fancyhdr Warning: \headheight is too small (12.0pt): 
(fancyhdr)                Make it at least 14.49998pt, for example:
(fancyhdr)                \setlength{\headheight}{14.49998pt}.
(fancyhdr)                You might also make \topmargin smaller:
(fancyhdr)                \addtolength{\topmargin}{-2.49998pt}.

[44]
Overfull \hbox (2.4119pt too wide) in paragraph at lines 189--190
[]\OT1/cmr/m/n/14.4 Generaci^^Son de em-bed-dings con Deep-Face (mod-e-lo Ar-c-Face). 
 []




Package fancyhdr Warning: \headheight is too small (12.0pt): 
(fancyhdr)                Make it at least 14.49998pt, for example:
(fancyhdr)                \setlength{\headheight}{14.49998pt}.
(fancyhdr)                You might also make \topmargin smaller:
(fancyhdr)                \addtolength{\topmargin}{-2.49998pt}.

[45]


Package fancyhdr Warning: \headheight is too small (12.0pt): 
(fancyhdr)                Make it at least 14.49998pt, for example:
(fancyhdr)                \setlength{\headheight}{14.49998pt}.
(fancyhdr)                You might also make \topmargin smaller:
(fancyhdr)                \addtolength{\topmargin}{-2.49998pt}.

[46]
Overfull \hbox (21.44754pt too wide) in paragraph at lines 224--225
\OT1/cmr/m/n/14.4 para garan-ti-zar un fun-cionamien-to efi-ciente y con-fi-able. La Tabla []4.2[]
 []

<capitulo_04/imagenes/5.png, id=996, 503.2401pt x 560.0925pt>
File: capitulo_04/imagenes/5.png Graphic file (type png)
<use capitulo_04/imagenes/5.png>
Package pdftex.def Info: capitulo_04/imagenes/5.png  used on input line 247.
(pdftex.def)             Requested size: 312.00119pt x 347.2623pt.



Package fancyhdr Warning: \headheight is too small (12.0pt): 
(fancyhdr)                Make it at least 14.49998pt, for example:
(fancyhdr)                \setlength{\headheight}{14.49998pt}.
(fancyhdr)                You might also make \topmargin smaller:
(fancyhdr)                \addtolength{\topmargin}{-2.49998pt}.

[47
pdfTeX warning (ext4): destination with the same identifier (name{table.4.1}) has been already used, duplicate ignored
<argument> ...shipout:D \box_use:N \l_shipout_box 
                                                  \__shipout_drop_firstpage_...
l.250 \end{figure}
                  
pdfTeX warning (ext4): destination with the same identifier (name{table.4.2}) has been already used, duplicate ignored
<argument> ...shipout:D \box_use:N \l_shipout_box 
                                                  \__shipout_drop_firstpage_...
l.250 \end{figure}
                  ]


Package fancyhdr Warning: \headheight is too small (12.0pt): 
(fancyhdr)                Make it at least 14.49998pt, for example:
(fancyhdr)                \setlength{\headheight}{14.49998pt}.
(fancyhdr)                You might also make \topmargin smaller:
(fancyhdr)                \addtolength{\topmargin}{-2.49998pt}.

[48
pdfTeX warning (ext4): destination with the same identifier (name{figure.4.4}) has been already used, duplicate ignored
<argument> ...shipout:D \box_use:N \l_shipout_box 
                                                  \__shipout_drop_firstpage_...
l.258 \textbf{Estudiante:}
                           dispone de un acceso limitado al sistema, pudiend... <./capitulo_04/imagenes/5.png>]
Overfull \hbox (18.42644pt too wide) in paragraph at lines 267--270
\OT1/cmr/m/n/14.4 antes a cur-sos, reg-is-trar asis-ten-cias y con-tro-lar los ho-rar-ios acad^^Semi-
 []

<capitulo_04/imagenes/1.png, id=1009, 808.01875pt x 574.145pt>
File: capitulo_04/imagenes/1.png Graphic file (type png)
<use capitulo_04/imagenes/1.png>
Package pdftex.def Info: capitulo_04/imagenes/1.png  used on input line 273.
(pdftex.def)             Requested size: 312.00119pt x 221.69917pt.



Package fancyhdr Warning: \headheight is too small (12.0pt): 
(fancyhdr)                Make it at least 14.49998pt, for example:
(fancyhdr)                \setlength{\headheight}{14.49998pt}.
(fancyhdr)                You might also make \topmargin smaller:
(fancyhdr)                \addtolength{\topmargin}{-2.49998pt}.

[49]
Overfull \hbox (17.57056pt too wide) in paragraph at lines 285--291
 [][] 
 []


Overfull \hbox (12.70032pt too wide) in paragraph at lines 296--304
 [][] 
 []




Package fancyhdr Warning: \headheight is too small (12.0pt): 
(fancyhdr)                Make it at least 14.49998pt, for example:
(fancyhdr)                \setlength{\headheight}{14.49998pt}.
(fancyhdr)                You might also make \topmargin smaller:
(fancyhdr)                \addtolength{\topmargin}{-2.49998pt}.

[50
pdfTeX warning (ext4): destination with the same identifier (name{figure.4.5}) has been already used, duplicate ignored
<argument> ...shipout:D \box_use:N \l_shipout_box 
                                                  \__shipout_drop_firstpage_...
l.305 
      
pdfTeX warning (ext4): destination with the same identifier (name{table.4.3}) has been already used, duplicate ignored
<argument> ...shipout:D \box_use:N \l_shipout_box 
                                                  \__shipout_drop_firstpage_...
l.305 
       <./capitulo_04/imagenes/1.png>]
Overfull \hbox (17.1789pt too wide) in paragraph at lines 309--318
 [][] 
 []


Underfull \hbox (badness 4205) in paragraph at lines 328--328
[]|\OT1/cmr/m/n/12 Carrera o pro-gra-ma acad^^Semi-co al que
 []


Overfull \hbox (12.70032pt too wide) in paragraph at lines 323--331
 [][] 
 []


Overfull \hbox (6.82538pt too wide) in paragraph at lines 336--345
 [][] 
 []


Overfull \hbox (25.04153pt too wide) in paragraph at lines 350--357
 [][] 
 []




Package fancyhdr Warning: \headheight is too small (12.0pt): 
(fancyhdr)                Make it at least 14.49998pt, for example:
(fancyhdr)                \setlength{\headheight}{14.49998pt}.
(fancyhdr)                You might also make \topmargin smaller:
(fancyhdr)                \addtolength{\topmargin}{-2.49998pt}.

[51
pdfTeX warning (ext4): destination with the same identifier (name{table.4.4}) has been already used, duplicate ignored
<argument> ...shipout:D \box_use:N \l_shipout_box 
                                                  \__shipout_drop_firstpage_...
l.358 
      
pdfTeX warning (ext4): destination with the same identifier (name{table.4.5}) has been already used, duplicate ignored
<argument> ...shipout:D \box_use:N \l_shipout_box 
                                                  \__shipout_drop_firstpage_...
l.358 
      
pdfTeX warning (ext4): destination with the same identifier (name{table.4.6}) has been already used, duplicate ignored
<argument> ...shipout:D \box_use:N \l_shipout_box 
                                                  \__shipout_drop_firstpage_...
l.358 
      
pdfTeX warning (ext4): destination with the same identifier (name{table.4.7}) has been already used, duplicate ignored
<argument> ...shipout:D \box_use:N \l_shipout_box 
                                                  \__shipout_drop_firstpage_...
l.358 
      ]
Overfull \hbox (25.04153pt too wide) in paragraph at lines 362--371
 [][] 
 []




Package fancyhdr Warning: \headheight is too small (12.0pt): 
(fancyhdr)                Make it at least 14.49998pt, for example:
(fancyhdr)                \setlength{\headheight}{14.49998pt}.
(fancyhdr)                You might also make \topmargin smaller:
(fancyhdr)                \addtolength{\topmargin}{-2.49998pt}.

[52
pdfTeX warning (ext4): destination with the same identifier (name{table.4.8}) has been already used, duplicate ignored
<argument> ...shipout:D \box_use:N \l_shipout_box 
                                                  \__shipout_drop_firstpage_...
l.383 
      
pdfTeX warning (ext4): destination with the same identifier (name{table.4.9}) has been already used, duplicate ignored
<argument> ...shipout:D \box_use:N \l_shipout_box 
                                                  \__shipout_drop_firstpage_...
l.383 
      ]
<capitulo_04/imagenes/2.png, id=1030, 437.2335pt x 515.2851pt>
File: capitulo_04/imagenes/2.png Graphic file (type png)
<use capitulo_04/imagenes/2.png>
Package pdftex.def Info: capitulo_04/imagenes/2.png  used on input line 386.
(pdftex.def)             Requested size: 312.00119pt x 367.7027pt.
)


Package fancyhdr Warning: \headheight is too small (12.0pt): 
(fancyhdr)                Make it at least 14.49998pt, for example:
(fancyhdr)                \setlength{\headheight}{14.49998pt}.
(fancyhdr)                You might also make \topmargin smaller:
(fancyhdr)                \addtolength{\topmargin}{-2.49998pt}.

[53
pdfTeX warning (ext4): destination with the same identifier (name{figure.4.6}) has been already used, duplicate ignored
<argument> ...shipout:D \box_use:N \l_shipout_box 
                                                  \__shipout_drop_firstpage_...
l.118 \include{./capitulo_04/marco_metodologico}
                                                 <./capitulo_04/imagenes/2.png>]
\openout2 = `./capitulo_05/resultados.aux'.

 (./capitulo_05/resultados.tex
Cap\'{\i }tulo 5.

Underfull \hbox (badness 10000) in paragraph at lines 26--27
[]|\OT1/cmr/m/n/12 OpenCV,numpy, ultralytics,deepface,tensorflow-
 []


Overfull \hbox (33.53856pt too wide) in paragraph at lines 18--35
 [][] 
 []



[54





pdfTeX warning (ext4): destination with the same identifier (name{table.5.1}) has been already used, duplicate ignored
<argument> ...shipout:D \box_use:N \l_shipout_box 
                                                  \__shipout_drop_firstpage_...
l.41 
     ]
Underfull \hbox (badness 10000) in paragraph at lines 51--52
[]|\OT1/cmr/m/n/12 Se ajust^^So el um-bral
 []


Underfull \hbox (badness 1881) in paragraph at lines 51--52
\OT1/cmr/m/n/12 usuario y su variaci^^Son
 []


Underfull \hbox (badness 10000) in paragraph at lines 53--53
[]|\OT1/cmr/m/n/12 Reconocimiento
 []


Underfull \hbox (badness 10000) in paragraph at lines 53--53
\OT1/cmr/m/n/12 err^^Soneo con poca
 []


Underfull \hbox (badness 2762) in paragraph at lines 53--54
[]|\OT1/cmr/m/n/12 Se in-cor-por^^So pre-proce-
 []


Underfull \hbox (badness 10000) in paragraph at lines 53--54
\OT1/cmr/m/n/12 samien-to de im-a-gen
 []


Underfull \hbox (badness 10000) in paragraph at lines 55--55
[]|\OT1/cmr/m/n/12 Procesamiento lento
 []


Underfull \hbox (badness 2538) in paragraph at lines 55--56
[]|\OT1/cmr/m/n/12 Se im-ple-ment^^So fil-tra-do
 []


Overfull \hbox (60.16492pt too wide) in paragraph at lines 47--58
 [][] 
 []

LaTeX Font Info:    Font shape `OT1/cmtt/bx/n' in size <8> not available
(Font)              Font shape `OT1/cmtt/m/n' tried instead on input line 68.

Underfull \hbox (badness 3449) in paragraph at lines 70--70
[]|\OT1/cmr/m/n/8 Reconocimiento muy es-
 []


Underfull \hbox (badness 3396) in paragraph at lines 80--81
[]|\OT1/cmr/m/n/8 Como en su cap-tura: re-conoce a
 []


Overfull \hbox (76.10059pt too wide) in paragraph at lines 66--83
 [][] 
 []


Overfull \hbox (2.4829pt too wide) in paragraph at lines 86--86
[]\OT1/cmr/bx/sc/14.4 Configuraciones apli-cadas y re-sul-ta-dos obtenidos 
 []

<capitulo_05/imagenes/1.jpg.png, id=1040, 1421.31pt x 596.2275pt>
File: capitulo_05/imagenes/1.jpg.png Graphic file (type png)
<use capitulo_05/imagenes/1.jpg.png>
Package pdftex.def Info: capitulo_05/imagenes/1.jpg.png  used on input line 92.
(pdftex.def)             Requested size: 312.00119pt x 130.87932pt.



Package fancyhdr Warning: \headheight is too small (12.0pt): 
(fancyhdr)                Make it at least 14.49998pt, for example:
(fancyhdr)                \setlength{\headheight}{14.49998pt}.
(fancyhdr)                You might also make \topmargin smaller:
(fancyhdr)                \addtolength{\topmargin}{-2.49998pt}.

[55
pdfTeX warning (ext4): destination with the same identifier (name{table.5.2}) has been already used, duplicate ignored
<argument> ...shipout:D \box_use:N \l_shipout_box 
                                                  \__shipout_drop_firstpage_...
l.94 \end{figure}
                 
pdfTeX warning (ext4): destination with the same identifier (name{table.5.3}) has been already used, duplicate ignored
<argument> ...shipout:D \box_use:N \l_shipout_box 
                                                  \__shipout_drop_firstpage_...
l.94 \end{figure}
                 ]
<capitulo_05/imagenes/umbral_1.0_30.jpg, id=1050, 1606.0pt x 952.55875pt>
File: capitulo_05/imagenes/umbral_1.0_30.jpg Graphic file (type jpg)
<use capitulo_05/imagenes/umbral_1.0_30.jpg>
Package pdftex.def Info: capitulo_05/imagenes/umbral_1.0_30.jpg  used on input line 98.
(pdftex.def)             Requested size: 312.00119pt x 185.0578pt.



Package fancyhdr Warning: \headheight is too small (12.0pt): 
(fancyhdr)                Make it at least 14.49998pt, for example:
(fancyhdr)                \setlength{\headheight}{14.49998pt}.
(fancyhdr)                You might also make \topmargin smaller:
(fancyhdr)                \addtolength{\topmargin}{-2.49998pt}.

[56
pdfTeX warning (ext4): destination with the same identifier (name{figure.5.1}) has been already used, duplicate ignored
<argument> ...shipout:D \box_use:N \l_shipout_box 
                                                  \__shipout_drop_firstpage_...
l.102 \newpage
              
pdfTeX warning (ext4): destination with the same identifier (name{figure.5.2}) has been already used, duplicate ignored
<argument> ...shipout:D \box_use:N \l_shipout_box 
                                                  \__shipout_drop_firstpage_...
l.102 \newpage
               <./capitulo_05/imagenes/1.jpg.png> <./capitulo_05/imagenes/umbral_1.0_30.jpg>]
<capitulo_05/imagenes/2.png, id=1057, 1421.31pt x 596.2275pt>
File: capitulo_05/imagenes/2.png Graphic file (type png)
<use capitulo_05/imagenes/2.png>
Package pdftex.def Info: capitulo_05/imagenes/2.png  used on input line 108.
(pdftex.def)             Requested size: 312.00119pt x 130.87932pt.
<capitulo_05/imagenes/1.3_min_dist25.jpg, id=1058, 1606.0pt x 938.50626pt>
File: capitulo_05/imagenes/1.3_min_dist25.jpg Graphic file (type jpg)
<use capitulo_05/imagenes/1.3_min_dist25.jpg>
Package pdftex.def Info: capitulo_05/imagenes/1.3_min_dist25.jpg  used on input line 114.
(pdftex.def)             Requested size: 312.00119pt x 182.32776pt.



Package fancyhdr Warning: \headheight is too small (12.0pt): 
(fancyhdr)                Make it at least 14.49998pt, for example:
(fancyhdr)                \setlength{\headheight}{14.49998pt}.
(fancyhdr)                You might also make \topmargin smaller:
(fancyhdr)                \addtolength{\topmargin}{-2.49998pt}.

[57
pdfTeX warning (ext4): destination with the same identifier (name{figure.5.3}) has been already used, duplicate ignored
<argument> ...shipout:D \box_use:N \l_shipout_box 
                                                  \__shipout_drop_firstpage_...
l.118 \newpage
              
pdfTeX warning (ext4): destination with the same identifier (name{figure.5.4}) has been already used, duplicate ignored
<argument> ...shipout:D \box_use:N \l_shipout_box 
                                                  \__shipout_drop_firstpage_...
l.118 \newpage
               <./capitulo_05/imagenes/2.png> <./capitulo_05/imagenes/1.3_min_dist25.jpg>]
<capitulo_05/imagenes/3.png, id=1064, 1421.31pt x 596.2275pt>
File: capitulo_05/imagenes/3.png Graphic file (type png)
<use capitulo_05/imagenes/3.png>
Package pdftex.def Info: capitulo_05/imagenes/3.png  used on input line 124.
(pdftex.def)             Requested size: 312.00119pt x 130.87932pt.
<capitulo_05/imagenes/umbral1.8min_dist20.jpg, id=1065, 1606.0pt x 950.55125pt>
File: capitulo_05/imagenes/umbral1.8min_dist20.jpg Graphic file (type jpg)
<use capitulo_05/imagenes/umbral1.8min_dist20.jpg>
Package pdftex.def Info: capitulo_05/imagenes/umbral1.8min_dist20.jpg  used on input line 130.
(pdftex.def)             Requested size: 312.00119pt x 184.6678pt.



Package fancyhdr Warning: \headheight is too small (12.0pt): 
(fancyhdr)                Make it at least 14.49998pt, for example:
(fancyhdr)                \setlength{\headheight}{14.49998pt}.
(fancyhdr)                You might also make \topmargin smaller:
(fancyhdr)                \addtolength{\topmargin}{-2.49998pt}.

[58
pdfTeX warning (ext4): destination with the same identifier (name{figure.5.5}) has been already used, duplicate ignored
<argument> ...shipout:D \box_use:N \l_shipout_box 
                                                  \__shipout_drop_firstpage_...
l.134 \newpage
              
pdfTeX warning (ext4): destination with the same identifier (name{figure.5.6}) has been already used, duplicate ignored
<argument> ...shipout:D \box_use:N \l_shipout_box 
                                                  \__shipout_drop_firstpage_...
l.134 \newpage
               <./capitulo_05/imagenes/3.png> <./capitulo_05/imagenes/umbral1.8min_dist20.jpg>]
<capitulo_05/imagenes/4.png, id=1071, 706.64pt x 634.37pt>
File: capitulo_05/imagenes/4.png Graphic file (type png)
<use capitulo_05/imagenes/4.png>
Package pdftex.def Info: capitulo_05/imagenes/4.png  used on input line 141.
(pdftex.def)             Requested size: 312.00119pt x 280.09163pt.
<capitulo_05/imagenes/4.4.jpg, id=1072, 1284.8pt x 751.80875pt>
File: capitulo_05/imagenes/4.4.jpg Graphic file (type jpg)
<use capitulo_05/imagenes/4.4.jpg>
Package pdftex.def Info: capitulo_05/imagenes/4.4.jpg  used on input line 147.
(pdftex.def)             Requested size: 312.00119pt x 182.5715pt.



Package fancyhdr Warning: \headheight is too small (12.0pt): 
(fancyhdr)                Make it at least 14.49998pt, for example:
(fancyhdr)                \setlength{\headheight}{14.49998pt}.
(fancyhdr)                You might also make \topmargin smaller:
(fancyhdr)                \addtolength{\topmargin}{-2.49998pt}.

[59
pdfTeX warning (ext4): destination with the same identifier (name{figure.5.7}) has been already used, duplicate ignored
<argument> ...shipout:D \box_use:N \l_shipout_box 
                                                  \__shipout_drop_firstpage_...
l.152 \newpage
              
pdfTeX warning (ext4): destination with the same identifier (name{figure.5.8}) has been already used, duplicate ignored
<argument> ...shipout:D \box_use:N \l_shipout_box 
                                                  \__shipout_drop_firstpage_...
l.152 \newpage
               <./capitulo_05/imagenes/4.png> <./capitulo_05/imagenes/4.4.jpg>]
<capitulo_05/imagenes/5.png, id=1078, 706.64pt x 634.37pt>
File: capitulo_05/imagenes/5.png Graphic file (type png)
<use capitulo_05/imagenes/5.png>
Package pdftex.def Info: capitulo_05/imagenes/5.png  used on input line 159.
(pdftex.def)             Requested size: 312.00119pt x 280.09163pt.
<capitulo_05/imagenes/5.5.jpg, id=1079, 1606.0pt x 932.48375pt>
File: capitulo_05/imagenes/5.5.jpg Graphic file (type jpg)
<use capitulo_05/imagenes/5.5.jpg>
Package pdftex.def Info: capitulo_05/imagenes/5.5.jpg  used on input line 165.
(pdftex.def)             Requested size: 312.00119pt x 181.15775pt.



Package fancyhdr Warning: \headheight is too small (12.0pt): 
(fancyhdr)                Make it at least 14.49998pt, for example:
(fancyhdr)                \setlength{\headheight}{14.49998pt}.
(fancyhdr)                You might also make \topmargin smaller:
(fancyhdr)                \addtolength{\topmargin}{-2.49998pt}.

[60
pdfTeX warning (ext4): destination with the same identifier (name{figure.5.9}) has been already used, duplicate ignored
<argument> ...shipout:D \box_use:N \l_shipout_box 
                                                  \__shipout_drop_firstpage_...
l.170 \newpage
              
pdfTeX warning (ext4): destination with the same identifier (name{figure.5.10}) has been already used, duplicate ignored
<argument> ...shipout:D \box_use:N \l_shipout_box 
                                                  \__shipout_drop_firstpage_...
l.170 \newpage
               <./capitulo_05/imagenes/5.png> <./capitulo_05/imagenes/5.5.jpg>]
<capitulo_05/imagenes/6.png, id=1085, 706.64pt x 634.37pt>
File: capitulo_05/imagenes/6.png Graphic file (type png)
<use capitulo_05/imagenes/6.png>
Package pdftex.def Info: capitulo_05/imagenes/6.png  used on input line 177.
(pdftex.def)             Requested size: 312.00119pt x 280.09163pt.
<capitulo_05/imagenes/6.6.jpg, id=1086, 1606.0pt x 950.55125pt>
File: capitulo_05/imagenes/6.6.jpg Graphic file (type jpg)
<use capitulo_05/imagenes/6.6.jpg>
Package pdftex.def Info: capitulo_05/imagenes/6.6.jpg  used on input line 183.
(pdftex.def)             Requested size: 312.00119pt x 184.6678pt.



Package fancyhdr Warning: \headheight is too small (12.0pt): 
(fancyhdr)                Make it at least 14.49998pt, for example:
(fancyhdr)                \setlength{\headheight}{14.49998pt}.
(fancyhdr)                You might also make \topmargin smaller:
(fancyhdr)                \addtolength{\topmargin}{-2.49998pt}.

[61
pdfTeX warning (ext4): destination with the same identifier (name{figure.5.11}) has been already used, duplicate ignored
<argument> ...shipout:D \box_use:N \l_shipout_box 
                                                  \__shipout_drop_firstpage_...
l.186 
       <./capitulo_05/imagenes/6.png>]
Overfull \hbox (2.24387pt too wide) in paragraph at lines 205--205
[]|\OT1/cmr/bx/n/8 Precisi^^Son| 
 []


Overfull \hbox (4.68666pt too wide) in paragraph at lines 205--205
[]|\OT1/cmr/bx/n/8 Velocidad
 []


Overfull \hbox (3.355pt too wide) in paragraph at lines 205--205
\OT1/cmr/bx/n/8 (ms/img)| 
 []


Underfull \hbox (badness 2635) in paragraph at lines 213--214
\OT1/cmr/m/n/8 de m^^Sas re-cur-sos. So-por-ta key-
 []


Overfull \hbox (74.60303pt too wide) in paragraph at lines 203--218
 [][] 
 []


Overfull \hbox (1.10355pt too wide) in paragraph at lines 224--225
[]\OT1/cmr/m/n/14.4 La tabla mues-tra el rendimien-to de difer-entes mod-e-los YOLO-
 []




Package fancyhdr Warning: \headheight is too small (12.0pt): 
(fancyhdr)                Make it at least 14.49998pt, for example:
(fancyhdr)                \setlength{\headheight}{14.49998pt}.
(fancyhdr)                You might also make \topmargin smaller:
(fancyhdr)                \addtolength{\topmargin}{-2.49998pt}.

[62
pdfTeX warning (ext4): destination with the same identifier (name{figure.5.12}) has been already used, duplicate ignored
<argument> ...shipout:D \box_use:N \l_shipout_box 
                                                  \__shipout_drop_firstpage_...
l.225 
      
pdfTeX warning (ext4): destination with the same identifier (name{table.5.4}) has been already used, duplicate ignored
<argument> ...shipout:D \box_use:N \l_shipout_box 
                                                  \__shipout_drop_firstpage_...
l.225 
       <./capitulo_05/imagenes/6.6.jpg>]


Package fancyhdr Warning: \headheight is too small (12.0pt): 
(fancyhdr)                Make it at least 14.49998pt, for example:
(fancyhdr)                \setlength{\headheight}{14.49998pt}.
(fancyhdr)                You might also make \topmargin smaller:
(fancyhdr)                \addtolength{\topmargin}{-2.49998pt}.

[63
pdfTeX warning (ext4): destination with the same identifier (name{table.5.5}) has been already used, duplicate ignored
<argument> ...shipout:D \box_use:N \l_shipout_box 
                                                  \__shipout_drop_firstpage_...
l.306 
      
pdfTeX warning (ext4): destination with the same identifier (name{table.5.6}) has been already used, duplicate ignored
<argument> ...shipout:D \box_use:N \l_shipout_box 
                                                  \__shipout_drop_firstpage_...
l.306 
      ])


Package fancyhdr Warning: \headheight is too small (12.0pt): 
(fancyhdr)                Make it at least 14.49998pt, for example:
(fancyhdr)                \setlength{\headheight}{14.49998pt}.
(fancyhdr)                You might also make \topmargin smaller:
(fancyhdr)                \addtolength{\topmargin}{-2.49998pt}.

[64
pdfTeX warning (ext4): destination with the same identifier (name{table.5.7}) has been already used, duplicate ignored
<argument> ...shipout:D \box_use:N \l_shipout_box 
                                                  \__shipout_drop_firstpage_...
l.119 \include{./capitulo_05/resultados}
                                        ]
\openout2 = `./capitulo_06/discusion.aux'.

 (./capitulo_06/discusion.tex
Cap\'{\i }tulo 6.

Overfull \hbox (16.72835pt too wide) in paragraph at lines 9--10
[]\OT1/cmr/m/n/14.4 El de-sar-rol-lo del Sis-tema de Asis-ten-cia Basa-do en Re-conocimien-
 []



[65




]


Package fancyhdr Warning: \headheight is too small (12.0pt): 
(fancyhdr)                Make it at least 14.49998pt, for example:
(fancyhdr)                \setlength{\headheight}{14.49998pt}.
(fancyhdr)                You might also make \topmargin smaller:
(fancyhdr)                \addtolength{\topmargin}{-2.49998pt}.

[66]
Overfull \hbox (11.41167pt too wide) in paragraph at lines 59--60
[]\OT1/cmr/m/n/14.4 El ob-je-ti-vo gen-er-al de im-ple-men-tar un sis-tema de re-conocimien-
 []




Package fancyhdr Warning: \headheight is too small (12.0pt): 
(fancyhdr)                Make it at least 14.49998pt, for example:
(fancyhdr)                \setlength{\headheight}{14.49998pt}.
(fancyhdr)                You might also make \topmargin smaller:
(fancyhdr)                \addtolength{\topmargin}{-2.49998pt}.

[67]
Overfull \hbox (31.22986pt too wide) in paragraph at lines 70--71
[]\OT1/cmr/m/n/14.4 \El sis-tema de con-trol de asis-ten-cia basa-do en re-conocimien-
 []




Package fancyhdr Warning: \headheight is too small (12.0pt): 
(fancyhdr)                Make it at least 14.49998pt, for example:
(fancyhdr)                \setlength{\headheight}{14.49998pt}.
(fancyhdr)                You might also make \topmargin smaller:
(fancyhdr)                \addtolength{\topmargin}{-2.49998pt}.

[68]
Overfull \hbox (1.42836pt too wide) in paragraph at lines 91--92
\OT1/cmr/m/n/14.4 mite con-sul-tar, reg-is-trar y ac-tu-alizar la in-for-ma-ci^^Son en tiem-
 []




Package fancyhdr Warning: \headheight is too small (12.0pt): 
(fancyhdr)                Make it at least 14.49998pt, for example:
(fancyhdr)                \setlength{\headheight}{14.49998pt}.
(fancyhdr)                You might also make \topmargin smaller:
(fancyhdr)                \addtolength{\topmargin}{-2.49998pt}.

[69]


Package fancyhdr Warning: \headheight is too small (12.0pt): 
(fancyhdr)                Make it at least 14.49998pt, for example:
(fancyhdr)                \setlength{\headheight}{14.49998pt}.
(fancyhdr)                You might also make \topmargin smaller:
(fancyhdr)                \addtolength{\topmargin}{-2.49998pt}.

[70])


Package fancyhdr Warning: \headheight is too small (12.0pt): 
(fancyhdr)                Make it at least 14.49998pt, for example:
(fancyhdr)                \setlength{\headheight}{14.49998pt}.
(fancyhdr)                You might also make \topmargin smaller:
(fancyhdr)                \addtolength{\topmargin}{-2.49998pt}.

[71]
No file tfg.gls.



Package fancyhdr Warning: \headheight is too small (12.0pt): 
(fancyhdr)                Make it at least 14.49998pt, for example:
(fancyhdr)                \setlength{\headheight}{14.49998pt}.
(fancyhdr)                You might also make \topmargin smaller:
(fancyhdr)                \addtolength{\topmargin}{-2.49998pt}.

[72




]
\openout2 = `./anexos/anexo.aux'.

 (./anexos/anexo.tex)

[73



] (./tfg.bbl
Underfull \hbox (badness 10000) in paragraph at lines 26--28
\OT1/cmr/m/n/14.4 https://www.lanacion.com.ar/tecnologia/reconocimiento-
 []


Underfull \hbox (badness 10000) in paragraph at lines 26--28
\OT1/cmr/m/n/14.4 facial-como-nacio-tableta-decada-del-
 []


Underfull \hbox (badness 10000) in paragraph at lines 26--28
\OT1/cmr/m/n/14.4 nid2421334/. [en l^^S^^Pnea]. Disponible:
 []


Underfull \hbox (badness 10000) in paragraph at lines 26--28
[]$\OT1/cmr/m/n/14.4 https : / / www . lanacion . com . ar / tecnologia /
 []


Overfull \hbox (42.76117pt too wide) in paragraph at lines 26--28
\OT1/cmr/m/n/14.4 reconocimiento-[]facial-[]como-[]nacio-[]tableta-[]decada-[]del-[]nid2421334/$[] 
 []


Underfull \hbox (badness 10000) in paragraph at lines 31--33
\OT1/cmr/m/n/14.4 red-de-aeropuertos-de-japon-instalara-66-puertas-
 []


Underfull \hbox (badness 10000) in paragraph at lines 31--33
\OT1/cmr/m/n/14.4 automaticas-adicionales-con-reconocimiento-facial/.
 []


Underfull \hbox (badness 3058) in paragraph at lines 31--33
\OT1/cmr/m/n/14.4 [en l^^S^^Pnea]. Disponible: []$https : / / osao . com . mx /
 []


Overfull \hbox (277.23318pt too wide) in paragraph at lines 31--33
\OT1/cmr/m/n/14.4 la-[]red-[]de-[]aeropuertos-[]de-[]japon-[]instalara-[]66-[]puertas-[]automaticas-[]adicionales-[]con-[]reconocimiento-[]facial/$[] 
 []


Underfull \hbox (badness 2277) in paragraph at lines 36--38
\OT1/cmr/m/n/14.4 ronales ar-ti-fi-ciales? [en l^^S^^Pnea]. Disponible:
 []


Underfull \hbox (badness 10000) in paragraph at lines 36--38
\OT1/cmr/m/n/14.4 https://ricardogeek.com/que-son-redes-neuronales-
 []


Underfull \hbox (badness 2486) in paragraph at lines 36--38
\OT1/cmr/m/n/14.4 artificiales/. [en l^^S^^Pnea]. Disponible: []$https :
 []


Underfull \hbox (badness 4505) in paragraph at lines 41--43
[]\OT1/cmr/m/n/14.4 Interactive Chaos. (2024) Re-des neu-
 []


Underfull \hbox (badness 10000) in paragraph at lines 41--43
\OT1/cmr/m/n/14.4 https://interactivechaos.com/es/manual/tutorial-de-deep-
 []


Underfull \hbox (badness 4467) in paragraph at lines 41--43
\OT1/cmr/m/n/14.4 Disponible: []$https : / / interactivechaos . com / es / manual /
 []



[74




]
Underfull \hbox (badness 10000) in paragraph at lines 46--48
\OT1/cmr/m/n/14.4 https://www.ellaberintodefalken.com/2019/10/vision-
 []


Underfull \hbox (badness 1082) in paragraph at lines 56--58
[]\OT1/cmr/m/n/14.4 Mi De []Aguila. (2021) For-ma-to de lista
 []


Underfull \hbox (badness 10000) in paragraph at lines 56--58
\OT1/cmr/m/n/14.4 https://mideaguila.blogspot.com/2021/12/formato-
 []


Underfull \hbox (badness 10000) in paragraph at lines 56--58
\OT1/cmr/m/n/14.4 de-lista-de-asistencia-escolar.html. [en l^^S^^Pnea].
 []


Underfull \hbox (badness 10000) in paragraph at lines 56--58
\OT1/cmr/m/n/14.4 Disponible: []$https : / / mideaguila . blogspot . com / 2021 /
 []


Underfull \hbox (badness 2005) in paragraph at lines 61--63
\OT1/cmr/m/n/14.4 conocimien-to fa-cial. [en l^^S^^Pnea]. Disponible:
 []


Underfull \hbox (badness 10000) in paragraph at lines 61--63
[]$\OT1/cmr/m/n/14.4 https : / / www . beedigital . es / tendencias-[]digitales /
 []


Underfull \hbox (badness 1910) in paragraph at lines 66--68
\OT1/cmr/m/n/14.4 guri-dad biom^^Setri-ca? [en l^^S^^Pnea]. Disponible:
 []


Underfull \hbox (badness 10000) in paragraph at lines 66--68
[]$\OT1/cmr/m/n/14.4 https : / / www . avast . com / es-[]es / c-[]what-[]is-[]biometric-[]data# :
 []


Underfull \hbox (badness 10000) in paragraph at lines 66--68
[] \OT1/cmr/m/n/14.4 : text = de % 20huella % 20dactilar . -[] ,[] %C2 % BFQu % C3 % A9 %
 []


Underfull \hbox (badness 10000) in paragraph at lines 66--68
\OT1/cmr/m/n/14.4 20es % 20la % 20seguridad % 20biom % C3 % A9trica % 3F ,[] de %
 []


Underfull \hbox (badness 1189) in paragraph at lines 71--73
\OT1/cmr/m/n/14.4 [en l^^S^^Pnea]. Disponible: []$https : / / www . thalesgroup .
 []


Underfull \hbox (badness 10000) in paragraph at lines 71--73
\OT1/cmr/m/n/14.4 com / es / countries / americas / latin-[]america / dis / gobierno /
 []




Package fancyhdr Warning: \headheight is too small (12.0pt): 
(fancyhdr)                Make it at least 14.49998pt, for example:
(fancyhdr)                \setlength{\headheight}{14.49998pt}.
(fancyhdr)                You might also make \topmargin smaller:
(fancyhdr)                \addtolength{\topmargin}{-2.49998pt}.

[75]
Underfull \hbox (badness 1024) in paragraph at lines 76--78
[]\OT1/cmr/m/n/14.4 Bee Safe Se-cu-ri-ty. (2024) Ex-plor-ing dif-fer-
 []


Underfull \hbox (badness 10000) in paragraph at lines 76--78
\OT1/cmr/m/n/14.4 different-types-of-access-control-credentials/. [en
 []


Underfull \hbox (badness 10000) in paragraph at lines 76--78
\OT1/cmr/m/n/14.4 l^^S^^Pnea]. Disponible: []$https : / / beesafeohio . com /
 []


Underfull \hbox (badness 10000) in paragraph at lines 86--88
\OT1/cmr/m/n/14.4 facial-[]recognition / # : [] : text = Funciona % 20mediante % 20la %
 []


Underfull \hbox (badness 10000) in paragraph at lines 86--88
\OT1/cmr/m/n/14.4 20identi^^Lcaci % C3 % B3n % 20y ,[] gran % 20colecci % C3 % B3n %
 []


Underfull \hbox (badness 10000) in paragraph at lines 96--98
\OT1/cmr/m/n/14.4 researchgate . net / pro^^Lle / Jhon-[]Fredy-[]Narvaez / publication /
 []


Underfull \hbox (badness 10000) in paragraph at lines 96--98
\OT1/cmr/m/n/14.4 320170890[]Desarrollos[]de[]la[]Ingenieria[]ambiental[]en[]
 []


Underfull \hbox (badness 10000) in paragraph at lines 96--98
\OT1/cmr/m/n/14.4 la[]evaluacion[]de[]la[]calidad[]de[]los[]recursos[]naturales[]y[]
 []


Underfull \hbox (badness 10000) in paragraph at lines 96--98
\OT1/cmr/m/n/14.4 la[]salud[]ambiental / links / 59d26bfca6fdcc181ad611ce /
 []


Overfull \hbox (354.88559pt too wide) in paragraph at lines 96--98
\OT1/cmr/m/n/14.4 Desarrollos-[]de-[]la-[]Ingenieria-[]ambiental-[]en-[]la-[]evaluacion-[]de-[]la-[]calidad-[]de-[]los-[]recursos-[]naturales-[]y-[]la-[]salud-[]ambiental .
 []


Underfull \hbox (badness 10000) in paragraph at lines 101--103
[]$\OT1/cmr/m/n/14.4 https : / / repositorio . unican . es / xmlui / bitstream / handle /
 []




Package fancyhdr Warning: \headheight is too small (12.0pt): 
(fancyhdr)                Make it at least 14.49998pt, for example:
(fancyhdr)                \setlength{\headheight}{14.49998pt}.
(fancyhdr)                You might also make \topmargin smaller:
(fancyhdr)                \addtolength{\topmargin}{-2.49998pt}.

[76]
Underfull \hbox (badness 10000) in paragraph at lines 111--113
\OT1/cmr/m/n/14.4 / / repositorio . uam . es / bitstream / handle / 10486 / 698387 /
 []


Underfull \hbox (badness 2213) in paragraph at lines 116--118
\OT1/cmr/m/n/14.4 Disponible: []$https : / / direct . mit . edu / books / monograph /
 []




Package fancyhdr Warning: \headheight is too small (12.0pt): 
(fancyhdr)                Make it at least 14.49998pt, for example:
(fancyhdr)                \setlength{\headheight}{14.49998pt}.
(fancyhdr)                You might also make \topmargin smaller:
(fancyhdr)                \addtolength{\topmargin}{-2.49998pt}.

[77]
Underfull \hbox (badness 1348) in paragraph at lines 161--163
[]\OT1/cmr/m/n/14.4 Figma Inc. (2024) ?`qu^^Se es fig-ma? [en
 []


Underfull \hbox (badness 3199) in paragraph at lines 161--163
\OT1/cmr/m/n/14.4 l^^S^^Pnea]. Disponible: https://help.figma.com/hc/es-
 []


Overfull \hbox (28.99971pt too wide) in paragraph at lines 166--168
\OT1/cmr/m/n/14.4 https://www.godaddy.com/resources/latam/desarrollo/python-
 []




Package fancyhdr Warning: \headheight is too small (12.0pt): 
(fancyhdr)                Make it at least 14.49998pt, for example:
(fancyhdr)                \setlength{\headheight}{14.49998pt}.
(fancyhdr)                You might also make \topmargin smaller:
(fancyhdr)                \addtolength{\topmargin}{-2.49998pt}.

[78]
Underfull \hbox (badness 2799) in paragraph at lines 181--183
\OT1/cmr/m/n/14.4 About post-gresql. [en l^^S^^Pnea]. Disponible:
 []


Underfull \hbox (badness 2229) in paragraph at lines 186--188
\OT1/cmr/m/n/14.4 l^^S^^Pnea]. Disponible: https://learn.microsoft.com/es-
 []


Underfull \hbox (badness 10000) in paragraph at lines 186--188
[]$\OT1/cmr/m/n/14.4 https : / / learn . microsoft . com / es-[]es / devops / develop / git /
 []


Underfull \hbox (badness 1137) in paragraph at lines 191--193
[]\OT1/cmr/m/n/14.4 OpenWebinars. (2024) ?`qu^^Se es vi-su-al stu-
 []


Underfull \hbox (badness 10000) in paragraph at lines 191--193
\OT1/cmr/m/n/14.4 Disponible: https://openwebinars.net/blog/que-
 []


Underfull \hbox (badness 10000) in paragraph at lines 191--193
\OT1/cmr/m/n/14.4 es-visual-studio-code-y-que-ventajas-ofrece/. [en
 []


Underfull \hbox (badness 1960) in paragraph at lines 191--193
\OT1/cmr/m/n/14.4 l^^S^^Pnea]. Disponible: []$https : / / openwebinars . net / blog /
 []


Underfull \hbox (badness 10000) in paragraph at lines 195--196
[]\OT1/cmr/m/n/14.4 GitHub, Inc., ``Ac-er-ca de github desk-top,''
 []


Underfull \hbox (badness 10000) in paragraph at lines 195--196
[]$\OT1/cmr/m/n/14.4 https : / / docs . github . com / es / desktop / overview /
 []


Underfull \hbox (badness 10000) in paragraph at lines 195--196
\OT1/cmr/m/n/14.4 about-[]github-[]desktop$[], 2025, [en l^^S^^Pnea]. Disponible:
 []


Underfull \hbox (badness 10000) in paragraph at lines 195--196
\OT1/cmr/m/n/14.4 https://docs.github.com/es/desktop/overview/about-
 []




Package fancyhdr Warning: \headheight is too small (12.0pt): 
(fancyhdr)                Make it at least 14.49998pt, for example:
(fancyhdr)                \setlength{\headheight}{14.49998pt}.
(fancyhdr)                You might also make \topmargin smaller:
(fancyhdr)                \addtolength{\topmargin}{-2.49998pt}.

[79]
Underfull \hbox (badness 1132) in paragraph at lines 204--206
\OT1/cmr/m/n/14.4 to the python mi-croframe-work. [en l^^S^^Pnea].
 []


Underfull \hbox (badness 3895) in paragraph at lines 204--206
\OT1/cmr/m/n/14.4 Disponible: https://builtin.com/software-engineering-
 []

)


Package fancyhdr Warning: \headheight is too small (12.0pt): 
(fancyhdr)                Make it at least 14.49998pt, for example:
(fancyhdr)                \setlength{\headheight}{14.49998pt}.
(fancyhdr)                You might also make \topmargin smaller:
(fancyhdr)                \addtolength{\topmargin}{-2.49998pt}.

[80] (./tfg.aux
LaTeX Info: Redefining \. on input line 18.
LaTeX Info: Redefining \% on input line 18.
 (./portada_y_ficha_catalografica/portada_y_ficha_catalografica.aux) (./hoja_aprobacion/hoja_aprobacion.aux) (./dedicatoria/dedicatoria.aux) (./agradecimientos/agradecimientos.aux) (./epigrafe/epigrafe.aux) (./resumen/resumen.aux) (./abstract/abstract.aux) (./capitulo_01/introduccion.aux) (./capitulo_02/marco_teorico.aux) (./capitulo_03/Herramientas_Tecnologicas.aux) (./capitulo_04/marco_metodologico.aux) (./capitulo_05/resultados.aux) (./capitulo_06/discusion.aux) (./anexos/anexo.aux))
 ***********
LaTeX2e <2025-06-01> patch level 1
L3 programming layer <2025-08-13>
 ***********


LaTeX Font Warning: Some font shapes were not available, defaults substituted.


LaTeX Warning: There were multiply-defined labels.

Package rerunfilecheck Info: File `tfg.out' has not changed.
(rerunfilecheck)             Checksum: 477C48C4156E155F53899AE6138294BD;14832.
 )
(\end occurred inside a group at level 1)

### simple group (level 1) entered at line 100 ({)
### bottom level 
Here is how much of TeX's memory you used:
 22693 strings out of 469781
 444320 string characters out of 5480955
 914834 words of memory out of 5000000
 50401 multiletter control sequences out of 15000+600000
 641445 words of font info for 95 fonts, out of 8000000 for 9000
 14 hyphenation exceptions out of 8191
 75i,14n,93p,2557b,927s stack positions out of 10000i,1000n,20000p,200000b,200000s
 </Users/danisanchez/Library/TinyTeX/texmf-var/fonts/pk/ljfour/jknappen/ec/tcbx1440.600pk> </Users/danisanchez/Library/TinyTeX/texmf-var/fonts/pk/ljfour/jknappen/ec/tcrm1440.600pk></Users/danisanchez/Library/TinyTeX/texmf-dist/fonts/type1/public/amsfonts/cm/cmbx10.pfb></Users/danisanchez/Library/TinyTeX/texmf-dist/fonts/type1/public/amsfonts/cm/cmbx12.pfb></Users/danisanchez/Library/TinyTeX/texmf-dist/fonts/type1/public/amsfonts/cm/cmbx8.pfb></Users/danisanchez/Library/TinyTeX/texmf-dist/fonts/type1/public/amsfonts/cm/cmbxti10.pfb></Users/danisanchez/Library/TinyTeX/texmf-dist/fonts/type1/public/amsfonts/cm/cmcsc10.pfb></Users/danisanchez/Library/TinyTeX/texmf-dist/fonts/type1/public/amsfonts/cm/cmmi8.pfb></Users/danisanchez/Library/TinyTeX/texmf-dist/fonts/type1/public/amsfonts/cm/cmr12.pfb></Users/danisanchez/Library/TinyTeX/texmf-dist/fonts/type1/public/amsfonts/cm/cmr8.pfb></Users/danisanchez/Library/TinyTeX/texmf-dist/fonts/type1/public/amsfonts/cm/cmsl12.pfb></Users/danisanchez/Library/TinyTeX/texmf-dist/fonts/type1/public/amsfonts/cm/cmsy10.pfb></Users/danisanchez/Library/TinyTeX/texmf-dist/fonts/type1/public/amsfonts/cm/cmsy8.pfb></Users/danisanchez/Library/TinyTeX/texmf-dist/fonts/type1/public/amsfonts/cm/cmti12.pfb></Users/danisanchez/Library/TinyTeX/texmf-dist/fonts/type1/public/amsfonts/cm/cmtt12.pfb></Users/danisanchez/Library/TinyTeX/texmf-dist/fonts/type1/public/amsfonts/cm/cmtt8.pfb>
Output written on tfg.pdf (97 pages, 4023397 bytes).
PDF statistics:
 1399 PDF objects out of 1440 (max. 8388607)
 1209 compressed objects within 13 object streams
 305 named destinations out of 1000 (max. 500000)
 794 words of extra memory for PDF output out of 10000 (max. 10000000)

